supplier_id,supplier_name,country,region,product_category,single_source_flag,relationship_tenure_yrs,on_time_delivery_rate,order_fill_rate,lead_time_mean_days,lead_time_std_days,lead_time_cv,defect_rate,primary_shipping_mode,num_orders_ytd,financial_stress_score,annual_spend_usd,credit_rating,payment_terms_days,num_late_payments_12m,disruption_count,avg_severity_score,max_severity_score,avg_resolution_days,total_financial_impact,days_since_last_incident,spend_per_order,geo_risk_flag,concentration_risk,operational_risk_score,risk_conditions_met,supplier_failure
1490,"Burton, Jenkins And Matthews",Germany,Europe,Apparel,1,7.23,0.925,0.774,16.8,5.14,0.306,0.0207,Air,38.0,1.625,808613.8049999999,Unknown,45.0,1.0,0.0,0.0,0.0,0.0,0.0,9999.0,21279.31,0,0,0.1896,0,0
1430,"Anderson, Mclean And Reed",China,Asia,Electronics,1,3.93,0.695,0.7515000000000001,28.8,7.495,0.25560000000000005,0.0514,Unknown,33.0,1.0,1037254.08,Unknown,120.0,1.0,2.0,3.0,4.0,8.0,3112.44,249.0,31431.94,1,1,0.2732,1,0
1083,"Lee, House And Ochoa",Vietnam,Asia,Food & Beverage,0,7.82,0.758,0.712,30.1,8.22,0.2731,0.0254,Sea,19.0,1.625,808613.8049999999,Unknown,45.0,1.0,4.0,2.25,3.0,10.75,105131.88,445.0,42558.62,1,0,0.2651,1,0
1121,Lucas-Johnson,Germany,Europe,Food & Beverage,1,9.91,0.618,0.806,29.3,4.24,0.1447,0.0325,Sea,20.0,2.13,159030.19,A,45.0,4.0,0.0,0.0,0.0,0.0,0.0,9999.0,7951.51,0,0,0.2544,1,0
1222,Burns-Anderson,India,Asia,Apparel,0,7.64,0.803,0.751,19.2,5.17,0.2693,0.0502,Sea,31.0,1.0,450558.14,B,45.0,0.0,3.0,2.333,3.0,19.0,16917.78,8.0,14534.13,1,0,0.2343,1,0
1148,Casey-Bauer,China,Asia,Toys & Games,1,5.22,0.695,0.771,33.5,4.6,0.1373,0.0509,Rail,20.0,1.1,218355.7,C,30.0,1.0,0.0,0.0,0.0,0.0,0.0,9999.0,10917.78,1,1,0.2319,1,0
1033,"Hines, Lowe And Velez",USA,Americas,Apparel,1,9.62,0.588,0.737,30.4,7.76,0.2553,0.0514,Sea,21.0,1.98,946557.46,A,30.0,1.0,0.0,0.0,0.0,0.0,0.0,9999.0,45074.16,0,0,0.3203,1,0
1386,"White, Freeman And Wright",Indonesia,Asia,Electronics,1,3.09,0.695,0.7515000000000001,28.8,7.495,0.25560000000000005,0.0514,Unknown,33.0,1.61,1208497.55,B,60.0,1.0,1.0,3.0,3.0,8.0,0.0,939.0,36621.14,1,1,0.2732,1,0
1201,Gonzalez-Reid,Bangladesh,Asia,Apparel,1,8.24,0.724,0.803,27.9,10.53,0.3774,0.0682,Sea,151.0,1.625,808613.8049999999,Unknown,45.0,1.0,1.0,2.0,2.0,11.0,0.0,693.0,5355.06,1,1,0.2827,0,0
1482,Saunders Plc,Poland,Europe,Food & Beverage,1,9.39,0.695,0.793,20.5,4.07,0.1985,0.017,Air,12.0,1.72,1020056.7,B,45.0,1.0,1.0,3.0,3.0,14.0,8065.24,224.0,85004.72,0,0,0.2436,1,0
1296,Yoder Llc,Bangladesh,Asia,Beauty & Personal Care,0,7.92,0.695,0.7515000000000001,28.8,7.495,0.25560000000000005,0.0514,Unknown,33.0,10.0,801277.54,C,60.0,12.0,3.0,1.333,2.0,13.667,4837.43,232.0,24281.14,1,0,0.2732,3,1
1262,"Wilson, Velasquez And Watts",Bangladesh,Asia,Food & Beverage,0,7.32,0.695,0.778,28.0,8.37,0.2989,0.0696,Sea,12.0,1.625,808613.8049999999,Unknown,45.0,1.0,3.0,2.333,3.0,8.0,203696.08,140.0,67384.48,1,0,0.2783,2,1
1434,Simmons And Sons,Brazil,Americas,Electronics,0,2.21,0.577,0.678,31.0,5.1,0.1645,0.0569,Sea,65.0,7.65,929443.24,B,90.0,6.0,2.0,2.0,3.0,15.0,3466.79,169.0,14299.13,0,0,0.3152,2,1
1475,Boone-Cruz,China,Asia,Beauty & Personal Care,1,8.42,0.599,0.525,30.3,11.05,0.3647,0.0729,Road,89.0,2.18,380172.36,D,90.0,4.0,2.0,3.0,3.0,7.0,2989.17,97.0,4271.6,1,1,0.4123,1,0
1460,Estes And Sons,China,Asia,Food & Beverage,0,3.61,0.675,0.676,29.6,11.55,0.3902,0.0791,Sea,64.0,6.51,687553.92,C,30.0,7.0,1.0,1.0,1.0,6.0,3188.25,103.0,10743.03,1,0,0.3443,2,1
1458,Burton-Lopez,China,Asia,Home Goods,1,6.81,0.664,0.917,30.0,8.8,0.2933,0.0585,Air,82.0,1.0,60770.96,C,120.0,0.0,0.0,0.0,0.0,0.0,0.0,9999.0,741.11,1,1,0.2473,1,0
1356,Frank-Flores,Italy,Europe,Apparel,0,2.01,0.458,0.785,14.8,7.41,0.5007,0.0467,Sea,111.0,1.625,808613.8049999999,Unknown,45.0,1.0,1.0,1.0,1.0,15.0,0.0,137.0,7284.81,0,0,0.4315,2,1
1467,White And Sons,Mexico,Americas,Electronics,1,4.27,0.728,0.782,20.6,4.44,0.2155,0.0628,Sea,57.0,1.625,808613.8049999999,Unknown,45.0,1.0,1.0,3.0,3.0,18.0,1160.95,760.0,14186.21,0,0,0.2388,0,0
1116,Lopez Inc,India,Asia,Unknown,0,3.82,0.708,0.641,30.7,7.09,0.2309,0.0244,Air,23.0,4.98,305362.73,A,30.0,3.0,0.0,0.0,0.0,0.0,0.0,9999.0,13276.64,1,0,0.2938,1,0
1404,"Gill, Porter And Larson",Mexico,Americas,Apparel,1,1.84,0.695,0.858,25.9,9.58,0.3699,0.0492,Sea,20.0,1.74,898638.85,A,30.0,0.0,1.0,3.0,3.0,1.0,959.18,593.0,44931.94,0,0,0.2756,1,0
1014,Beck-Moore,China,Asia,Toys & Games,0,6.74,0.695,0.648,26.7,10.45,0.3914,0.0412,Road,16.0,3.66,850581.57,A,30.0,1.0,2.0,2.0,3.0,3.0,777.28,434.0,53161.35,1,0,0.345,1,0
1275,"Houston, Kim And Roach",Germany,Europe,Beauty & Personal Care,0,3.33,0.682,0.663,22.7,1.07,0.0471,0.0304,Road,57.0,2.91,761100.04,A,45.0,1.0,2.0,2.5,3.0,3.5,8095.4,81.0,13352.63,0,0,0.2424,1,0
1309,Chavez Plc,China,Asia,Apparel,1,4.19,0.768,0.786,33.5,10.33,0.3084,0.0765,Sea,55.0,1.95,511165.52,A,45.0,2.0,1.0,2.0,2.0,8.0,0.0,152.0,9293.92,1,1,0.2495,0,0
1486,"Miller, Gallegos And Aguirre",China,Asia,Unknown,1,8.45,0.532,0.749,35.4,7.36,0.2079,0.0199,Rail,46.0,1.0,2661115.54,Unknown,30.0,0.0,2.0,3.0,3.0,1.0,25259.1,542.0,57850.34,1,1,0.3249,1,0
1337,"Gilmore, Frost And Barton",Mexico,Americas,Food & Beverage,0,8.04,0.871,0.701,36.1,8.15,0.2258,0.0553,Sea,27.0,1.75,1422176.22,B,60.0,3.0,0.0,0.0,0.0,0.0,0.0,9999.0,52673.19,0,0,0.209,0,0
1498,"Willis, Smith And Carey",China,Asia,Electronics,1,2.55,0.453,0.813,29.3,9.05,0.3089,0.077,Rail,18.0,10.0,4937378.59,C,30.0,6.0,2.0,2.5,4.0,8.0,0.0,88.0,274298.81,1,1,0.3676,2,1
1133,Massey And Sons,USA,Americas,Unknown,0,9.32,0.82,0.822,23.8,9.41,0.3954,0.0311,Sea,76.0,1.625,808613.8049999999,Unknown,45.0,1.0,1.0,4.0,4.0,1.0,15158.21,747.0,10639.66,0,0,0.244,0,0
1376,Williams-Harper,Poland,Europe,Toys & Games,0,3.21,0.657,0.802,24.3,3.11,0.128,0.0434,Rail,78.0,1.0,481701.12,A,120.0,0.0,0.0,0.0,0.0,0.0,0.0,9999.0,6175.66,0,0,0.235,1,0
1260,"Garza, Mcbride And Dodson",India,Asia,Beauty & Personal Care,0,4.5,0.759,0.702,31.7,6.47,0.2041,0.046,Road,7.0,1.625,808613.8049999999,Unknown,45.0,1.0,2.0,3.0,3.0,2.0,7345.82,592.0,115516.26,1,0,0.247,0,0
1269,Hayes-Rivera,Bangladesh,Asia,Toys & Games,1,4.31,0.665,0.733,30.7,9.77,0.3182,0.0549,Sea,11.0,1.0,1282837.4,C,30.0,3.0,0.0,0.0,0.0,0.0,0.0,9999.0,116621.58,1,1,0.3096,1,0
1279,Gardner-White,India,Asia,Apparel,1,6.06,0.723,0.891,29.9,7.92,0.2649,0.0519,Sea,32.0,2.55,620031.99,C,45.0,2.0,1.0,3.0,3.0,14.0,375.26,62.0,19376.0,1,1,0.223,0,0
1497,"Gomez, Armstrong And Garcia",India,Asia,Toys & Games,0,9.55,0.858,0.741,30.1,8.79,0.292,0.034,Sea,38.0,4.57,747481.45,B,45.0,1.0,1.0,3.0,3.0,4.0,642.34,785.0,19670.56,1,0,0.2221,0,0
1302,Luna-Delacruz,India,Asia,Beauty & Personal Care,0,6.0,0.531,0.704,33.3,7.83,0.2351,0.0343,Sea,45.0,1.625,808613.8049999999,Unknown,45.0,1.0,1.0,2.0,2.0,1.0,0.0,458.0,17969.2,1,0,0.3469,1,0
1147,"Myers, Mendoza And Mason",Bangladesh,Asia,Food & Beverage,0,3.69,0.55,0.85,36.7,8.13,0.2215,0.079,Sea,17.0,1.625,808613.8049999999,Unknown,45.0,1.0,1.0,3.0,3.0,1.0,0.0,250.0,47565.52,1,0,0.2914,1,0
1026,"Bryan, Meadows And Cuevas",Turkey,Europe,Toys & Games,0,1.96,0.552,0.498,29.9,11.0,0.3679,0.0716,Air,22.0,2.3,9216304.14,C,90.0,2.0,0.0,0.0,0.0,0.0,0.0,9999.0,418922.92,0,0,0.4402,1,0
1485,Tanner-Simmons,China,Asia,Beauty & Personal Care,0,7.27,0.665,0.617,24.5,7.53,0.3073,0.084,Air,9.0,1.625,808613.8049999999,Unknown,45.0,1.0,4.0,2.5,3.0,20.5,9928.22,274.0,89845.98,1,0,0.3411,3,1
1314,"Ramirez, Riley And Michael",China,Asia,Food & Beverage,1,3.05,0.767,0.682,26.7,9.59,0.3592,0.0531,Sea,54.0,1.0,271681.57,B,45.0,1.0,0.0,0.0,0.0,0.0,0.0,9999.0,5031.14,1,1,0.2964,0,0
1247,Smith-White,Turkey,Europe,Food & Beverage,1,3.52,0.753,0.695,32.2,9.35,0.2904,0.0623,Air,18.0,1.625,808613.8049999999,Unknown,45.0,1.0,0.0,0.0,0.0,0.0,0.0,9999.0,44922.99,0,0,0.2774,0,0
1347,"Adams, Murray And Rice",Bangladesh,Asia,Beauty & Personal Care,0,8.88,0.731,0.679,31.8,8.65,0.272,0.0332,Sea,19.0,1.0,955646.41,B,45.0,0.0,0.0,0.0,0.0,0.0,0.0,9999.0,50297.18,1,0,0.2855,0,0
1223,Bryant-Gibson,India,Asia,Beauty & Personal Care,1,3.92,0.706,0.78,31.4,7.55,0.2404,0.0641,Road,12.0,1.0,221459.32,B,45.0,1.0,1.0,3.0,3.0,20.0,42.54,279.0,18454.94,1,1,0.2557,1,0
1419,Kelly Ltd,China,Asia,Apparel,1,4.23,0.628,0.595,35.4,8.04,0.2271,0.0563,Air,42.0,4.0,614263.85,A,45.0,2.0,0.0,0.0,0.0,0.0,0.0,9999.0,14625.33,1,1,0.3384,1,0
1052,"Brown, Fox And Campbell",India,Asia,Beauty & Personal Care,1,4.91,0.621,0.695,23.5,8.28,0.3523,0.0647,Sea,126.0,2.61,760726.6,C,30.0,4.0,0.0,0.0,0.0,0.0,0.0,9999.0,6037.51,1,1,0.3488,1,0
1259,Gaines-Love,China,Asia,Toys & Games,0,5.47,0.84,0.774,28.6,12.51,0.4374,0.0499,Sea,42.0,1.0,1969398.48,B,45.0,2.0,1.0,3.0,3.0,23.0,0.0,307.0,46890.44,1,0,0.263,0,0
1428,Henson Inc,China,Asia,Food & Beverage,0,7.44,0.695,0.849,29.4,10.63,0.3616,0.0818,Rail,23.0,4.34,6427344.76,A,30.0,3.0,0.0,0.0,0.0,0.0,0.0,9999.0,279449.77,1,0,0.2758,2,1
1041,"Fischer, Tucker And Russell",China,Asia,Electronics,1,4.9,0.635,0.717,23.3,9.23,0.3961,0.0676,Sea,81.0,1.625,808613.8049999999,Unknown,45.0,1.0,2.0,4.0,4.0,24.5,20741.44,410.0,9982.89,1,1,0.3497,1,0
1090,Mckinney-Lewis,China,Asia,Electronics,1,4.6,0.77,0.698,25.5,13.35,0.5235,0.0599,Air,32.0,1.16,660906.14,D,30.0,2.0,2.0,2.5,3.0,3.0,5186.23,859.0,20653.32,1,1,0.3396,1,0
1207,"Davis, Price And Smith",China,Asia,Toys & Games,0,5.98,0.731,0.743,22.7,6.28,0.2767,0.0572,Sea,13.0,1.0,642305.9,C,45.0,1.0,1.0,4.0,4.0,17.0,63211.04,524.0,49408.15,1,0,0.2677,0,0
1240,"Thomas, Walker And Silva",Mexico,Americas,Food & Beverage,0,4.96,0.494,0.821,28.1,7.62,0.2712,0.1059,Rail,131.0,1.05,21184.79,B,30.0,2.0,0.0,0.0,0.0,0.0,0.0,9999.0,161.72,0,0,0.3375,2,1
1483,"Jackson, Stevenson And Foster",Bangladesh,Asia,Food & Beverage,0,2.64,0.777,0.671,30.3,8.23,0.2716,0.0472,Road,30.0,1.0,733105.43,B,60.0,1.0,1.0,3.0,3.0,6.0,18786.82,427.0,24436.85,1,0,0.2694,0,0
1239,Hogan Llc,Brazil,Americas,Apparel,0,7.49,0.609,0.852,33.2,8.17,0.2461,0.0481,Rail,18.0,1.0,945293.92,A,30.0,1.0,1.0,4.0,4.0,1.0,1554.94,801.0,52516.33,0,0,0.2746,1,0
1480,Byrd Group,Mexico,Americas,Food & Beverage,1,4.15,0.608,0.72,31.2,7.69,0.2465,0.0434,Road,24.0,2.94,2492445.7,C,45.0,5.0,1.0,3.0,3.0,10.0,347.24,5.0,103851.9,0,0,0.3148,1,0
1311,Washington-Carter,Mexico,Americas,Beauty & Personal Care,0,6.61,0.763,0.778,33.8,6.85,0.2027,0.0406,Rail,51.0,1.0,1599748.77,Unknown,90.0,1.0,1.0,1.0,1.0,1.0,1127.26,856.0,31367.62,0,0,0.2222,0,0
1004,Walker And Sons,India,Asia,Apparel,0,7.46,0.738,0.826,33.2,8.32,0.2506,0.0519,Sea,46.0,2.85,497659.8,C,30.0,2.0,0.0,0.0,0.0,0.0,0.0,9999.0,10818.69,1,0,0.2322,0,0
1180,George-Castro,Germany,Europe,Toys & Games,0,9.45,0.76,0.849,25.6,2.59,0.1012,0.0514,Sea,32.0,1.1,307106.85,C,60.0,1.0,3.0,3.0,3.0,17.333,5997.81,205.0,9597.09,0,0,0.1717,1,0
1249,Baker-Brown,India,Asia,Apparel,0,9.15,0.693,0.841,24.8,8.49,0.3423,0.056,Air,91.0,1.68,1808154.12,D,120.0,3.0,1.0,3.0,3.0,4.0,0.0,127.0,19869.83,1,0,0.2732,1,0
1293,Hurst Ltd,Vietnam,Asia,Beauty & Personal Care,0,7.88,0.63,0.755,28.3,7.61,0.2689,0.0481,Sea,42.0,2.24,1526570.34,D,60.0,3.0,0.0,0.0,0.0,0.0,0.0,9999.0,36346.91,1,0,0.3022,1,0
1066,Mata-Mendoza,China,Asia,Apparel,0,9.34,0.555,0.699,22.7,9.0,0.3965,0.0687,Road,116.0,1.0,3717996.2,B,60.0,0.0,1.0,3.0,3.0,28.0,0.0,995.0,32051.69,1,0,0.3872,1,0
1139,"Thompson, Joseph And Morales",Turkey,Europe,Food & Beverage,1,2.39,0.839,0.675,36.7,8.4,0.2289,0.032,Sea,6.0,1.625,808613.8049999999,Unknown,45.0,1.0,0.0,0.0,0.0,0.0,0.0,9999.0,134768.97,0,0,0.2306,0,0
1437,"Peterson, Smith And Gallagher",China,Asia,Food & Beverage,0,1.37,0.55,0.598,27.5,8.11,0.2949,0.0514,Road,43.0,1.0,8752455.2,D,45.0,2.0,1.0,3.0,3.0,43.0,743.35,656.0,203545.47,1,0,0.3891,1,0
1304,Miller-Hayes,Bangladesh,Asia,Home Goods,0,7.16,0.695,0.696,28.8,9.9,0.3438,0.0384,Air,99.0,1.0,1559831.35,Unknown,60.0,0.0,2.0,1.5,2.0,5.0,2506.03,129.0,15755.87,1,0,0.3163,1,0
1114,Brown Plc,Mexico,Americas,Electronics,1,6.4,0.695,0.7515000000000001,28.8,7.495,0.25560000000000005,0.0514,Unknown,33.0,1.625,808613.8049999999,Unknown,45.0,1.0,0.0,0.0,0.0,0.0,0.0,9999.0,24503.45,0,0,0.2732,1,0
1469,"Vazquez, Griffin And Forbes",Bangladesh,Asia,Apparel,0,5.48,0.762,0.753,30.1,10.14,0.3369,0.0514,Air,8.0,1.35,158570.73,B,90.0,1.0,1.0,4.0,4.0,2.0,0.0,809.0,19821.34,1,0,0.2704,0,0
1169,"May, Dodson And Hoffman",Vietnam,Asia,Home Goods,1,1.78,0.642,0.704,36.7,9.39,0.2559,0.0514,Air,38.0,4.54,1190899.81,B,60.0,2.0,0.0,0.0,0.0,0.0,0.0,9999.0,31339.47,1,1,0.3088,1,0
1102,Best And Sons,India,Asia,Food & Beverage,1,2.09,0.695,0.781,21.1,9.19,0.4355,0.0514,Sea,120.0,3.31,502816.6,B,90.0,3.0,0.0,0.0,0.0,0.0,0.0,9999.0,4190.14,1,1,0.3184,1,0
1373,Stewart-Villegas,USA,Americas,Home Goods,1,2.26,0.752,0.686,19.5,4.03,0.2067,0.0282,Sea,31.0,1.0,2175904.13,A,45.0,0.0,0.0,0.0,0.0,0.0,0.0,9999.0,70190.46,0,0,0.2554,0,0
1214,"Jones, Barnett And Powell",Bangladesh,Asia,Food & Beverage,1,8.73,0.714,0.67,33.3,9.19,0.276,0.0585,Road,19.0,4.09,8890372.73,B,45.0,3.0,0.0,0.0,0.0,0.0,0.0,9999.0,467914.35,1,1,0.2962,1,0
1406,"Turner, Douglas And Meadows",Brazil,Americas,Food & Beverage,1,3.62,0.705,0.81,19.7,8.09,0.4107,0.0401,Air,17.0,1.0,337640.69,C,60.0,0.0,0.0,0.0,0.0,0.0,0.0,9999.0,19861.22,0,0,0.2982,1,0
1341,Hoffman-Miller,China,Asia,Toys & Games,0,9.92,0.657,0.773,25.5,7.43,0.2914,0.0694,Sea,26.0,1.625,808613.8049999999,Unknown,45.0,1.0,2.0,2.0,3.0,13.0,6971.86,890.0,31100.53,1,0,0.2927,1,0
1461,Herrera-Clark,Mexico,Americas,Beauty & Personal Care,0,6.22,0.768,0.655,30.9,4.6,0.1489,0.0357,Sea,22.0,2.61,208259.44,D,60.0,1.0,0.0,0.0,0.0,0.0,0.0,9999.0,9466.34,0,0,0.241,0,0
1338,"Mcclain, Martin And Allen",Mexico,Americas,Beauty & Personal Care,1,5.03,0.723,0.787,36.4,8.5,0.2335,0.0383,Sea,49.0,1.0,859536.06,B,45.0,0.0,0.0,0.0,0.0,0.0,0.0,9999.0,17541.55,0,0,0.2448,0,0
1452,Jackson Group,Italy,Europe,Toys & Games,1,7.11,0.681,0.797,24.2,8.1,0.3347,0.02,Air,27.0,1.0,3115449.21,Unknown,60.0,1.0,1.0,3.0,3.0,11.0,2873.83,33.0,115387.01,0,0,0.2889,1,0
1194,Ball-Booker,USA,Americas,Electronics,0,9.19,0.736,0.78,15.0,3.04,0.2027,0.0153,Sea,70.0,2.42,185050.46,D,45.0,1.0,2.0,2.5,3.0,3.0,6004.31,313.0,2643.58,0,0,0.2324,0,0
1061,"Dixon, Bradley And Stephens",USA,Americas,Food & Beverage,1,2.02,0.898,0.825,22.2,1.88,0.0847,0.0432,Sea,186.0,1.0,504966.45,B,30.0,0.0,4.0,2.25,4.0,9.0,15646.54,80.0,2714.87,0,0,0.1187,1,0
1417,"Wilson, Edwards And Matthews",India,Asia,Home Goods,1,8.4,0.622,0.717,26.0,11.1,0.4269,0.0528,Sea,63.0,2.81,2712925.07,D,30.0,3.0,1.0,3.0,3.0,1.0,0.0,256.0,43062.3,1,1,0.3642,1,0
1315,Ortiz-Grimes,Vietnam,Asia,Unknown,1,7.02,0.725,0.714,28.9,10.0,0.346,0.0684,Road,94.0,1.625,808613.8049999999,Unknown,45.0,1.0,1.0,3.0,3.0,19.0,10685.96,352.0,8602.27,1,1,0.2996,0,0
1119,"Mills, Hood And Pham",Vietnam,Asia,Toys & Games,1,4.1,0.591,0.721,24.8,6.69,0.2698,0.038,Sea,34.0,1.56,775870.97,A,90.0,0.0,0.0,0.0,0.0,0.0,0.0,9999.0,22819.73,1,1,0.3282,1,0
1370,"Gonzalez, Hubbard And Ellis",Vietnam,Asia,Home Goods,0,6.6,0.784,0.835,29.4,3.56,0.1211,0.0469,Sea,32.0,1.0,188084.95,A,60.0,0.0,0.0,0.0,0.0,0.0,0.0,9999.0,5877.65,1,0,0.1722,0,0
1426,"Ross, Nunez And Jones",Vietnam,Asia,Apparel,0,7.32,0.499,0.622,33.7,8.14,0.2415,0.0532,Sea,43.0,1.0,5827505.22,A,90.0,0.0,0.0,0.0,0.0,0.0,0.0,9999.0,135523.38,1,0,0.3863,1,0
1110,Owens And Sons,USA,Americas,Food & Beverage,0,3.89,0.761,0.837,23.0,6.02,0.2617,0.0255,Air,26.0,2.71,1945740.7,B,60.0,2.0,0.0,0.0,0.0,0.0,0.0,9999.0,74836.18,0,0,0.223,0,0
1348,"Powell, Bartlett And Ruiz",China,Asia,Food & Beverage,0,8.15,0.436,0.843,23.9,7.67,0.3209,0.0514,Sea,9.0,6.95,107056.58,Unknown,45.0,6.0,3.0,2.667,3.0,3.667,35242.16,55.0,11895.18,1,0,0.369,3,1
1450,Young Group,Mexico,Americas,Home Goods,0,8.03,0.594,0.744,27.0,7.8,0.2889,0.057,Sea,35.0,1.625,808613.8049999999,Unknown,45.0,1.0,3.0,2.667,3.0,25.333,69804.79,320.0,23103.25,0,0,0.3259,2,1
1362,Simon-Wells,China,Asia,Food & Beverage,1,1.03,0.695,0.7515000000000001,28.8,7.495,0.25560000000000005,0.0514,Unknown,33.0,7.16,327132.27,D,45.0,7.0,2.0,1.0,1.0,3.0,4056.57,9.0,9913.1,1,1,0.2732,2,1
1091,Walls Plc,Germany,Europe,Home Goods,1,6.87,0.933,0.794,19.7,6.86,0.3482,0.0373,Sea,187.0,1.52,907473.77,C,30.0,2.0,1.0,3.0,3.0,9.0,423.1,129.0,4852.8,0,0,0.1931,0,0
1156,Garcia-Chapman,USA,Americas,Apparel,1,2.15,0.858,0.774,19.6,5.13,0.2617,0.0254,Sea,177.0,1.625,808613.8049999999,Unknown,45.0,1.0,1.0,1.0,1.0,3.0,15339.01,758.0,4568.44,0,0,0.2031,0,0
1264,"Matthews, Wright And Acosta",China,Asia,Toys & Games,1,6.08,0.695,0.694,33.1,7.07,0.2136,0.0467,Rail,40.0,1.15,1734362.68,Unknown,90.0,1.0,1.0,3.0,3.0,7.0,2085.26,310.0,43359.07,1,1,0.2779,1,0
1307,"Hunt, Shepherd And Ballard",Mexico,Americas,Food & Beverage,0,3.09,0.795,0.708,31.6,7.85,0.2484,0.0592,Air,10.0,1.0,3237697.97,B,60.0,0.0,1.0,3.0,3.0,3.0,3478.57,1016.0,323769.8,0,0,0.2441,0,0
1031,"Vaughan, Elliott And Freeman",Poland,Europe,Toys & Games,1,4.94,0.743,0.759,29.6,7.3,0.2466,0.0514,Sea,15.0,1.0,2947928.91,D,60.0,0.0,1.0,3.0,3.0,18.0,656.77,257.0,196528.59,0,0,0.2491,0,0
1023,Payne Ltd,Vietnam,Asia,Food & Beverage,1,6.65,0.668,0.901,38.6,8.67,0.2246,0.0566,Sea,54.0,1.0,2083793.08,C,30.0,1.0,4.0,3.0,4.0,8.25,81494.79,0.0,38588.76,1,1,0.2299,2,1
1306,"Jordan, Davies And Murray",Bangladesh,Asia,Home Goods,0,2.0,0.628,0.65,34.7,6.8,0.196,0.0624,Sea,78.0,1.0,7666489.64,B,45.0,1.0,2.0,3.0,3.0,6.0,7415.65,656.0,98288.33,1,0,0.3126,1,0
1032,Russell-Hamilton,China,Asia,Beauty & Personal Care,1,4.28,0.815,0.683,30.2,8.05,0.2666,0.0522,Sea,18.0,1.625,808613.8049999999,Unknown,45.0,1.0,1.0,3.0,3.0,8.0,0.0,7.0,44922.99,1,1,0.2491,0,0
1238,"Murray, Nguyen And Oliver",China,Asia,Toys & Games,1,1.48,0.61,0.807,31.3,6.04,0.193,0.0483,Sea,18.0,1.0,2262476.66,B,60.0,0.0,1.0,3.0,3.0,20.0,5859.05,954.0,125693.15,1,1,0.2718,1,0
1327,Phelps-Melton,USA,Americas,Food & Beverage,1,1.4,0.871,0.755,33.3,6.56,0.197,0.0271,Sea,207.0,4.49,1849885.99,B,45.0,4.0,0.0,0.0,0.0,0.0,0.0,9999.0,8936.65,0,0,0.1842,0,0
1053,Shelton-Larson,China,Asia,Apparel,0,9.66,0.616,0.771,42.4,8.56,0.2019,0.0627,Air,16.0,1.625,808613.8049999999,Unknown,45.0,1.0,2.0,2.0,2.0,29.5,132.72,138.0,50538.36,1,0,0.2829,1,0
1491,"King, Walker And Tran",China,Asia,Beauty & Personal Care,0,8.96,0.736,0.754,26.2,8.1,0.3092,0.0589,Road,110.0,1.0,11237590.76,B,60.0,0.0,3.0,2.0,3.0,8.333,13047.42,277.0,102159.92,1,0,0.2722,1,0
1165,Murray-Rubio,India,Asia,Food & Beverage,1,4.9,0.653,0.892,37.1,11.84,0.3191,0.0506,Air,9.0,1.625,808613.8049999999,Unknown,45.0,1.0,0.0,0.0,0.0,0.0,0.0,9999.0,89845.98,1,1,0.2669,1,0
1217,"Phillips, Pittman And Goodman",China,Asia,Toys & Games,1,4.51,0.726,0.611,37.1,8.72,0.235,0.0535,Rail,7.0,1.1,1121420.45,B,45.0,0.0,2.0,3.0,3.0,12.0,14529.89,178.0,160202.92,1,1,0.2968,0,0
1163,Smith-Duarte,Bangladesh,Asia,Apparel,0,7.5,0.723,0.708,30.7,8.64,0.2814,0.0702,Sea,80.0,1.37,6676633.11,A,30.0,1.0,0.0,0.0,0.0,0.0,0.0,9999.0,83457.91,1,0,0.2828,0,0
1366,Harris Ltd,Germany,Europe,Electronics,0,4.96,0.718,0.855,25.0,5.71,0.2284,0.0468,Air,43.0,1.13,994980.29,A,60.0,1.0,1.0,2.0,2.0,34.0,120.46,861.0,23139.08,0,0,0.2248,1,0
1057,Gonzales-Smith,Bangladesh,Asia,Electronics,1,3.86,0.691,0.872,25.2,8.98,0.3563,0.0521,Road,33.0,1.0,81628.37,A,30.0,0.0,1.0,2.0,2.0,6.0,1661.85,1078.0,2473.59,1,1,0.2689,1,0
1471,"Christian, Fox And Weber",Vietnam,Asia,Toys & Games,1,2.23,0.699,0.896,34.4,7.15,0.2078,0.074,Rail,6.0,1.0,5848453.54,B,120.0,0.0,2.0,3.5,4.0,15.0,1794.18,33.0,974742.26,1,1,0.2139,1,0
1003,Johnson Llc,Mexico,Americas,Apparel,0,5.32,0.914,0.675,27.1,9.42,0.3476,0.0458,Road,14.0,1.76,930800.66,A,30.0,1.0,1.0,1.0,1.0,2.0,1072.7,541.0,66485.76,0,0,0.2362,0,0
1059,Perez Ltd,Bangladesh,Asia,Electronics,1,6.61,0.669,0.665,25.6,10.34,0.4039,0.0718,Air,145.0,1.625,808613.8049999999,Unknown,45.0,1.0,0.0,0.0,0.0,0.0,0.0,9999.0,5576.65,1,1,0.3541,1,0
1372,"Henderson, Lee And Weaver",Vietnam,Asia,Beauty & Personal Care,0,3.73,0.574,0.653,31.7,7.7,0.2429,0.0565,Air,27.0,1.0,476239.19,A,30.0,1.0,2.0,2.0,3.0,2.0,14680.04,282.0,17638.49,1,0,0.3474,1,0
1241,"Moore, Matthews And Duke",Vietnam,Asia,Electronics,1,9.99,0.6,0.787,25.4,9.26,0.3646,0.0806,Rail,17.0,1.0,3384894.13,B,45.0,1.0,0.0,0.0,0.0,0.0,0.0,9999.0,199111.42,1,1,0.3333,2,1
1268,"White, Alvarez And Martin",India,Asia,Electronics,0,6.44,0.545,0.611,36.4,6.98,0.1918,0.043,Rail,20.0,2.16,910057.14,D,60.0,2.0,1.0,2.0,2.0,10.0,2410.45,42.0,45502.86,1,0,0.3562,1,0
1500,Jordan And Sons,Turkey,Europe,Electronics,0,1.13,0.718,0.685,33.5,8.01,0.2391,0.0652,Sea,17.0,10.0,1470428.75,A,45.0,8.0,3.0,2.0,2.0,19.333,0.0,96.0,86495.81,0,0,0.279,3,1
1075,"Mccullough, Weaver And Walsh",Vietnam,Asia,Toys & Games,1,5.34,0.538,0.877,35.9,6.86,0.1911,0.0303,Sea,30.0,1.0,990010.91,B,30.0,0.0,1.0,3.0,3.0,15.0,2925.97,39.0,33000.36,1,1,0.279,1,0
1331,Davis Group,India,Asia,Beauty & Personal Care,0,2.37,0.83,0.647,30.1,5.21,0.1731,0.0442,Sea,20.0,1.0,1568850.33,D,30.0,2.0,2.0,1.5,2.0,9.5,1850.77,817.0,78442.52,1,0,0.2258,0,0
1477,Young Plc,India,Asia,Apparel,1,9.97,0.494,0.696,29.5,7.72,0.2617,0.0376,Sea,16.0,1.25,706795.97,A,60.0,1.0,1.0,3.0,3.0,4.0,13226.82,742.0,44174.75,1,1,0.3721,1,0
1422,Brown-Strong,Indonesia,Asia,Electronics,1,4.12,0.66,0.804,28.5,8.33,0.2923,0.0608,Sea,73.0,7.07,1285641.03,B,90.0,6.0,1.0,3.0,3.0,6.0,8139.09,215.0,17611.52,1,1,0.2825,2,1
1278,Flores Inc,India,Asia,Toys & Games,1,2.79,0.695,0.611,25.2,5.86,0.2325,0.0389,Sea,28.0,3.18,450767.39,C,30.0,1.0,1.0,2.0,2.0,1.0,670.8,354.0,16098.84,1,1,0.3084,1,0
1081,Peterson-Odonnell,Germany,Europe,Home Goods,0,6.12,0.962,0.779,22.1,4.17,0.1887,0.0468,Sea,21.0,4.23,4356673.34,D,60.0,6.0,4.0,2.25,4.0,11.25,14078.82,182.0,207460.64,0,0,0.1381,1,0
1243,Murray-Richardson,Brazil,Americas,Beauty & Personal Care,1,6.95,0.735,0.895,26.9,5.3,0.197,0.0402,Rail,17.0,4.79,1087671.03,C,30.0,4.0,0.0,0.0,0.0,0.0,0.0,9999.0,63980.65,0,0,0.1966,0,0
1027,Turner-Clark,Germany,Europe,Electronics,0,5.41,0.695,0.7515000000000001,28.8,7.495,0.25560000000000005,0.0514,Unknown,33.0,1.0,11550078.88,B,30.0,0.0,2.0,2.5,3.0,23.5,14611.64,324.0,350002.39,0,0,0.2732,1,0
1203,Alvarado-Huynh,USA,Americas,Toys & Games,1,9.38,0.695,0.583,25.4,10.67,0.4201,0.0567,Road,37.0,4.89,961799.9,A,30.0,6.0,1.0,1.0,1.0,2.0,4212.48,136.0,25994.59,0,0,0.3731,1,0
1213,Freeman Inc,Turkey,Europe,Electronics,0,9.21,0.802,0.618,26.2,8.15,0.3111,0.0765,Road,21.0,1.0,583157.42,D,30.0,2.0,0.0,0.0,0.0,0.0,0.0,9999.0,27769.4,0,0,0.2871,0,0
1282,Burton Ltd,Bangladesh,Asia,Food & Beverage,0,2.84,0.881,0.647,25.1,9.21,0.3669,0.0728,Sea,105.0,4.61,105950.4,A,45.0,2.0,0.0,0.0,0.0,0.0,0.0,9999.0,1009.05,1,0,0.2636,0,0
1354,Martinez-Wolf,Bangladesh,Asia,Apparel,0,9.74,0.573,0.561,31.6,8.36,0.2646,0.0847,Sea,14.0,1.0,176791.98,C,60.0,0.0,1.0,3.0,3.0,13.0,1015.26,95.0,12628.0,1,0,0.3819,2,1
1365,"Rodgers, Duncan And Owens",Indonesia,Asia,Apparel,0,1.24,0.695,0.673,34.5,7.21,0.209,0.0747,Road,41.0,4.33,114238.19,C,45.0,4.0,1.0,3.0,3.0,1.0,3079.72,25.0,2786.3,1,0,0.2828,1,0
1146,Lee-Robinson,China,Asia,Electronics,0,3.52,0.743,0.781,32.4,8.41,0.2596,0.0514,Road,26.0,1.0,471039.38,D,45.0,1.0,4.0,2.0,3.0,4.0,7343.36,59.0,18116.9,1,0,0.2464,1,0
1421,Beltran Ltd,Brazil,Americas,Beauty & Personal Care,0,3.77,0.638,0.758,35.7,4.52,0.1266,0.0514,Sea,34.0,1.625,808613.8049999999,Unknown,45.0,1.0,1.0,3.0,3.0,2.0,11511.04,640.0,23782.76,0,0,0.2554,1,0
1109,"Bass, Tapia And Bartlett",Turkey,Europe,Unknown,1,2.34,0.719,0.863,28.8,10.53,0.3656,0.0137,Sea,35.0,1.0,342382.34,Unknown,45.0,1.0,3.0,2.667,4.0,10.667,2029.11,131.0,9782.35,0,0,0.2632,2,1
1051,Rivas Group,Bangladesh,Asia,Beauty & Personal Care,0,2.38,0.57,0.516,36.4,10.07,0.2766,0.0578,Sea,50.0,1.625,808613.8049999999,Unknown,45.0,1.0,1.0,4.0,4.0,9.0,0.0,859.0,16172.28,1,0,0.4002,1,0
1436,"Davis, Rodriguez And Gutierrez",Mexico,Americas,Toys & Games,0,7.95,0.698,0.852,23.5,6.53,0.2779,0.0736,Sea,141.0,1.625,808613.8049999999,Unknown,45.0,1.0,0.0,0.0,0.0,0.0,0.0,9999.0,5734.85,0,0,0.2486,1,0
1301,Young-Kim,India,Asia,Food & Beverage,0,2.52,0.658,0.71,32.6,8.29,0.2543,0.0476,Air,13.0,1.0,172762.97,C,45.0,1.0,1.0,1.0,1.0,10.0,0.0,245.0,13289.46,1,0,0.3001,1,0
1015,Glover-Ferguson,Poland,Europe,Beauty & Personal Care,1,6.68,0.636,0.844,18.3,6.73,0.3678,0.0449,Sea,19.0,1.0,362323.58,A,45.0,0.0,2.0,2.0,3.0,19.5,4699.24,578.0,19069.66,0,0,0.3027,1,0
1465,Nelson-Smith,China,Asia,Toys & Games,1,8.11,0.695,0.727,21.1,7.76,0.3678,0.0644,Air,21.0,1.625,808613.8049999999,Unknown,45.0,1.0,1.0,2.0,2.0,34.0,0.0,162.0,38505.42,1,1,0.3142,1,0
1391,"Weeks, Richardson And Hampton",Indonesia,Asia,Food & Beverage,1,9.11,0.665,0.753,32.6,9.09,0.2788,0.0643,Sea,28.0,1.625,808613.8049999999,Unknown,45.0,1.0,0.0,0.0,0.0,0.0,0.0,9999.0,28879.06,1,1,0.2917,1,0
1115,Richardson And Sons,India,Asia,Food & Beverage,1,1.05,0.658,0.68,24.6,5.77,0.2346,0.0518,Sea,41.0,1.0,2163477.28,A,45.0,2.0,0.0,0.0,0.0,0.0,0.0,9999.0,52767.74,1,1,0.3032,1,0
1244,Sanchez And Sons,China,Asia,Electronics,1,2.46,0.593,0.794,31.3,8.74,0.2792,0.0819,Air,50.0,1.625,808613.8049999999,Unknown,45.0,1.0,0.0,0.0,0.0,0.0,0.0,9999.0,16172.28,1,1,0.3084,2,1
1060,Perry And Sons,Bangladesh,Asia,Food & Beverage,0,1.48,0.708,0.809,38.2,7.48,0.1958,0.0391,Air,40.0,1.0,501365.24,C,30.0,1.0,1.0,3.0,3.0,35.0,935.78,218.0,12534.13,1,0,0.2328,1,0
1174,Gardner And Sons,India,Asia,Food & Beverage,0,5.26,0.805,0.828,25.9,4.76,0.1838,0.05,Sea,31.0,1.96,491958.78,A,120.0,2.0,1.0,1.0,1.0,11.0,0.0,848.0,15869.64,1,0,0.1847,0,0
1099,Brown-Andrews,Vietnam,Asia,Apparel,0,3.02,0.812,0.682,20.7,9.82,0.4744,0.0457,Sea,6.0,1.0,1566277.99,Unknown,45.0,1.0,2.0,2.0,3.0,12.5,10992.85,163.0,261046.33,1,0,0.3129,1,0
1160,"Martinez, Velez And Roberts",Vietnam,Asia,Beauty & Personal Care,1,5.96,0.488,0.752,20.4,7.66,0.3755,0.0355,Air,68.0,1.0,159120.81,B,30.0,1.0,1.0,3.0,3.0,5.0,4714.26,457.0,2340.01,1,1,0.3919,1,0
1250,Smith Ltd,China,Asia,Apparel,0,1.31,0.606,0.635,30.7,10.11,0.3293,0.0442,Road,21.0,1.0,2525427.57,D,60.0,1.0,3.0,3.0,3.0,3.667,672.59,108.0,120258.46,1,0,0.3659,2,1
1042,"Santiago, Brown And Dunn",Vietnam,Asia,Beauty & Personal Care,0,7.17,0.644,0.57,33.2,5.32,0.1602,0.0569,Road,98.0,1.0,701149.5,Unknown,60.0,0.0,2.0,2.5,3.0,19.0,3343.97,238.0,7154.59,1,0,0.3195,1,0
1271,"Lee, Haynes And Simmons",Brazil,Americas,Home Goods,0,6.22,0.828,0.654,32.5,8.79,0.2705,0.0774,Air,58.0,2.78,40150.56,A,30.0,2.0,0.0,0.0,0.0,0.0,0.0,9999.0,692.25,0,0,0.2538,0,0
1205,"Knox, Mendoza And Parker",Bangladesh,Asia,Home Goods,1,5.28,0.94,0.81,25.2,5.96,0.2365,0.0692,Air,51.0,1.76,505678.77,A,90.0,2.0,0.0,0.0,0.0,0.0,0.0,9999.0,9915.27,1,1,0.152,0,0
1218,Walters Inc,Mexico,Americas,Toys & Games,1,2.55,0.551,0.718,31.0,4.09,0.1319,0.0514,Sea,48.0,1.625,808613.8049999999,Unknown,45.0,1.0,1.0,3.0,3.0,1.0,3428.02,96.0,16846.12,0,0,0.3038,1,0
1080,Allen-Ward,USA,Americas,Beauty & Personal Care,1,5.11,0.757,0.732,27.5,4.36,0.1585,0.001,Sea,21.0,1.625,808613.8049999999,Unknown,45.0,1.0,1.0,4.0,4.0,1.0,7446.96,177.0,38505.42,0,0,0.2252,0,0
1029,Ramirez Llc,India,Asia,Apparel,1,6.34,0.717,0.82,14.5,11.58,0.7986,0.0509,Sea,14.0,2.34,6067970.58,A,90.0,1.0,0.0,0.0,0.0,0.0,0.0,9999.0,433426.47,1,1,0.4068,2,1
1345,Spencer Group,Vietnam,Asia,Electronics,0,6.22,0.677,0.692,32.7,7.61,0.2327,0.0615,Road,14.0,1.0,14887804.39,C,60.0,0.0,1.0,3.0,3.0,10.0,3934.17,436.0,1063414.6,1,0,0.2914,1,0
1364,Mathis-Padilla,Turkey,Europe,Electronics,1,6.32,0.73,0.859,30.8,6.77,0.2198,0.053,Sea,53.0,5.69,249916.93,C,60.0,4.0,1.0,1.0,1.0,5.0,3110.99,717.0,4715.41,0,0,0.2162,1,0
1257,Huber-Blanchard,USA,Americas,Apparel,1,6.65,0.792,0.814,28.8,8.89,0.3087,0.0415,Sea,38.0,1.66,9181651.26,D,90.0,3.0,1.0,2.0,2.0,35.0,4054.62,72.0,241622.4,0,0,0.2316,0,0
1466,Moran-Melendez,Italy,Europe,Beauty & Personal Care,0,1.65,0.667,0.741,29.2,7.18,0.2459,0.0441,Rail,25.0,1.0,2270968.73,A,30.0,1.0,1.0,3.0,3.0,14.0,251.27,281.0,90838.75,0,0,0.2847,1,0
1058,Carpenter-Walker,Bangladesh,Asia,Beauty & Personal Care,1,8.08,0.519,0.693,30.5,13.45,0.441,0.0685,Sea,21.0,1.28,1533143.72,B,45.0,1.0,2.0,2.0,2.0,4.5,7490.26,411.0,73006.84,1,1,0.4168,1,0
1427,Dunn Plc,China,Asia,Apparel,0,9.29,0.625,0.864,32.2,9.2,0.2857,0.069,Sea,64.0,1.0,149133.82,B,60.0,0.0,2.0,2.5,3.0,14.0,544.01,231.0,2330.22,1,0,0.2765,1,0
1063,Richardson Llc,Mexico,Americas,Food & Beverage,0,8.55,0.695,0.7515000000000001,28.8,7.495,0.25560000000000005,0.0514,Unknown,33.0,1.0,3371297.16,A,30.0,0.0,0.0,0.0,0.0,0.0,0.0,9999.0,102160.52,0,0,0.2732,1,0
1388,"Jones, Thompson And Avery",Brazil,Americas,Electronics,0,6.9,0.758,0.749,23.5,7.15,0.3043,0.0398,Road,29.0,1.39,2193363.43,C,45.0,2.0,0.0,0.0,0.0,0.0,0.0,9999.0,75633.22,0,0,0.2634,0,0
1112,Powell-Morrison,Bangladesh,Asia,Electronics,0,6.64,0.759,0.836,26.9,6.98,0.2595,0.0431,Road,48.0,3.02,710812.72,C,90.0,3.0,1.0,2.0,2.0,26.0,0.0,1051.0,14808.6,1,0,0.2234,0,0
1085,Nelson-Mcneil,China,Asia,Toys & Games,1,8.91,0.576,0.887,26.0,5.77,0.2219,0.0764,Sea,54.0,1.0,922997.28,A,90.0,0.0,2.0,2.0,3.0,4.5,4493.17,154.0,17092.54,1,1,0.2701,1,0
1237,Juarez Llc,China,Asia,Toys & Games,1,2.88,0.578,0.695,21.5,8.63,0.4014,0.059,Sea,56.0,1.0,131774.7,B,90.0,2.0,0.0,0.0,0.0,0.0,0.0,9999.0,2353.12,1,1,0.3807,1,0
1272,Cook-Carter,Germany,Europe,Apparel,0,7.86,0.968,0.918,28.8,3.75,0.1302,0.0146,Road,79.0,2.27,7845415.89,B,45.0,3.0,2.0,2.5,4.0,1.5,5492.67,232.0,99309.06,0,0,0.0765,0,0
1343,Marks-Patel,Bangladesh,Asia,Food & Beverage,0,3.76,0.626,0.64,25.1,10.45,0.4163,0.0906,Air,51.0,1.625,808613.8049999999,Unknown,45.0,1.0,1.0,4.0,4.0,17.0,851.05,891.0,15855.17,1,0,0.3825,2,1
1228,Garcia-French,China,Asia,Electronics,1,1.96,0.695,0.7515000000000001,28.8,7.495,0.25560000000000005,0.0514,Unknown,33.0,1.625,808613.8049999999,Unknown,45.0,1.0,2.0,3.0,3.0,8.5,1913.61,181.0,24503.45,1,1,0.2732,1,0
1130,Howard-Williams,India,Asia,Apparel,0,6.76,0.652,0.714,32.7,8.07,0.2468,0.0577,Sea,9.0,2.59,246564.78,C,60.0,1.0,1.0,2.0,2.0,9.0,0.0,1092.0,27396.09,1,0,0.299,1,0
1166,"Matthews, King And Reed",China,Asia,Beauty & Personal Care,0,6.7,0.74,0.543,32.2,9.74,0.3025,0.0514,Sea,43.0,4.01,3566401.59,B,30.0,5.0,1.0,3.0,3.0,34.0,685.64,989.0,82939.57,1,0,0.3318,0,0
1097,Bailey Inc,Germany,Europe,Apparel,1,2.77,0.698,0.769,26.1,3.53,0.1352,0.0229,Rail,46.0,1.0,1268818.56,C,60.0,1.0,2.0,4.0,4.0,3.0,27406.77,278.0,27583.01,0,0,0.2307,1,0
1489,Martinez Inc,Bangladesh,Asia,Home Goods,1,5.84,0.695,0.7515000000000001,28.8,7.495,0.25560000000000005,0.0514,Unknown,33.0,1.0,9476303.1,Unknown,45.0,0.0,0.0,0.0,0.0,0.0,0.0,9999.0,287160.7,1,1,0.2732,1,0
1297,"Scott, Bates And Davenport",USA,Americas,Food & Beverage,0,7.91,0.758,0.786,14.6,3.16,0.2164,0.0251,Rail,43.0,5.04,335446.11,A,45.0,5.0,0.0,0.0,0.0,0.0,0.0,9999.0,7801.07,0,0,0.2259,0,0
1142,Jordan-Ayala,Turkey,Europe,Food & Beverage,1,5.36,0.621,0.769,23.3,7.62,0.327,0.0514,Sea,29.0,4.76,1423004.9,A,30.0,4.0,1.0,1.0,1.0,16.0,4408.26,770.0,49069.13,0,0,0.319,1,0
1464,"Watson, Garcia And Guerrero",Mexico,Americas,Beauty & Personal Care,1,2.38,0.718,0.807,36.9,3.47,0.094,0.0514,Air,16.0,2.29,3539392.16,A,30.0,4.0,1.0,3.0,3.0,4.0,4195.01,752.0,221212.01,0,0,0.1989,1,0
1188,Jordan-Ortiz,Indonesia,Asia,Unknown,0,6.75,0.699,0.673,39.3,8.75,0.2226,0.0381,Sea,15.0,1.625,808613.8049999999,Unknown,45.0,1.0,3.0,1.667,3.0,15.0,12253.34,303.0,53907.59,1,0,0.2853,2,1
1369,Glover Plc,Poland,Europe,Apparel,0,9.67,0.794,0.795,14.1,3.52,0.2496,0.0358,Sea,53.0,1.0,158696.62,D,45.0,1.0,2.0,2.0,3.0,18.0,2615.24,866.0,2994.28,0,0,0.2188,0,0
1221,Orr-Padilla,Indonesia,Asia,Beauty & Personal Care,1,4.24,0.692,0.805,22.9,4.28,0.1869,0.0331,Rail,21.0,1.0,457569.97,A,60.0,1.0,3.0,2.0,3.0,12.0,1438.77,491.0,21789.05,1,1,0.2378,2,1
1229,Rodriguez-Benitez,Brazil,Americas,Food & Beverage,1,7.76,0.695,0.868,32.3,6.68,0.2068,0.0497,Air,32.0,1.625,808613.8049999999,Unknown,45.0,1.0,3.0,2.333,3.0,14.333,2002.62,236.0,25269.18,0,0,0.2236,2,1
1323,Myers Llc,Turkey,Europe,Electronics,0,2.53,0.646,0.65,22.5,9.72,0.432,0.046,Sea,31.0,2.28,610171.74,B,60.0,3.0,1.0,3.0,3.0,1.0,0.0,133.0,19682.96,0,0,0.3762,1,0
1396,Martin Plc,India,Asia,Home Goods,1,4.56,0.575,0.779,27.9,8.83,0.3165,0.0601,Rail,16.0,3.02,1115274.9,A,90.0,5.0,1.0,1.0,1.0,12.0,49079.32,947.0,69704.68,1,1,0.3312,1,0
1360,Marquez-Wright,China,Asia,Beauty & Personal Care,1,2.73,0.705,0.718,35.1,10.98,0.3128,0.0674,Air,11.0,1.0,181297.0,Unknown,60.0,1.0,0.0,0.0,0.0,0.0,0.0,9999.0,16481.55,1,1,0.2964,1,0
1082,"Moran, Trujillo And Long",China,Asia,Home Goods,0,4.67,0.629,0.746,26.9,9.24,0.3435,0.082,Sea,45.0,1.625,808613.8049999999,Unknown,45.0,1.0,1.0,4.0,4.0,1.0,1576.01,26.0,17969.2,1,0,0.3276,2,1
1355,Gray Group,Mexico,Americas,Food & Beverage,0,6.37,0.79,0.757,29.3,5.57,0.1901,0.0441,Sea,18.0,2.94,233326.51,C,60.0,1.0,0.0,0.0,0.0,0.0,0.0,9999.0,12962.58,0,0,0.2139,0,0
1322,Sanchez Llc,Bangladesh,Asia,Beauty & Personal Care,0,9.24,0.685,0.809,26.6,9.96,0.3744,0.0799,Road,42.0,1.625,808613.8049999999,Unknown,45.0,1.0,0.0,0.0,0.0,0.0,0.0,9999.0,19252.71,1,0,0.2956,1,0
1067,"Mathis, Skinner And Walker",Mexico,Americas,Apparel,0,3.58,0.622,0.714,29.9,9.94,0.3324,0.0529,Sea,47.0,1.0,170574.16,A,120.0,1.0,0.0,0.0,0.0,0.0,0.0,9999.0,3629.24,0,0,0.3367,1,0
1435,"Macdonald, Flynn And Stanley",China,Asia,Unknown,0,5.33,0.707,0.709,34.2,11.25,0.3289,0.0555,Road,117.0,1.0,12945908.51,A,45.0,2.0,0.0,0.0,0.0,0.0,0.0,9999.0,110648.79,1,0,0.3032,1,0
1415,Carson Inc,India,Asia,Food & Beverage,1,8.62,0.569,0.79,32.1,5.79,0.1804,0.0664,Air,40.0,1.0,78262.16,C,30.0,0.0,2.0,3.0,4.0,1.0,5406.67,89.0,1956.55,1,1,0.2895,1,0
1189,White Llc,India,Asia,Apparel,1,8.76,0.72,0.738,34.6,7.3,0.211,0.0264,Road,16.0,3.11,1045222.0,D,45.0,2.0,1.0,4.0,4.0,7.0,2120.36,607.0,65326.38,1,1,0.2539,0,0
1335,Brown Llc,Mexico,Americas,Unknown,0,2.23,0.755,0.686,34.7,5.03,0.145,0.0422,Air,12.0,1.625,808613.8049999999,Unknown,45.0,1.0,2.0,3.5,4.0,7.0,1382.37,77.0,67384.48,0,0,0.2357,0,0
1054,Hanson Llc,India,Asia,Food & Beverage,0,7.45,0.728,0.59,23.2,6.83,0.2944,0.0485,Rail,45.0,1.625,808613.8049999999,Unknown,45.0,1.0,2.0,2.5,3.0,13.5,0.0,669.0,17969.2,1,0,0.3201,0,0
1172,Fletcher Inc,China,Asia,Home Goods,1,4.2,0.695,0.7515000000000001,28.8,7.495,0.25560000000000005,0.0514,Unknown,33.0,1.625,808613.8049999999,Unknown,45.0,1.0,0.0,0.0,0.0,0.0,0.0,9999.0,24503.45,1,1,0.2732,1,0
1385,"White, Spencer And Barry",Poland,Europe,Electronics,0,3.62,0.695,0.955,18.3,6.35,0.347,0.0241,Sea,15.0,1.0,885798.98,Unknown,60.0,1.0,2.0,2.0,3.0,1.0,15130.99,384.0,59053.27,0,0,0.2396,1,0
1140,Garcia Inc,India,Asia,Electronics,1,4.96,0.619,0.777,18.6,6.23,0.3349,0.0525,Air,15.0,4.82,267175.39,C,30.0,3.0,3.0,2.0,3.0,20.333,2791.5,149.0,17811.69,1,1,0.3198,2,1
1274,Hernandez Plc,China,Asia,Unknown,0,2.11,0.607,0.718,22.2,6.81,0.3068,0.0529,Road,37.0,1.35,527153.54,B,30.0,2.0,0.0,0.0,0.0,0.0,0.0,9999.0,14247.39,1,0,0.3338,1,0
1285,"Thompson, Johnson And Armstrong",Mexico,Americas,Beauty & Personal Care,0,1.8,0.674,0.805,21.9,6.55,0.2991,0.0444,Road,24.0,1.0,228519.36,C,90.0,0.0,1.0,3.0,3.0,3.0,202.17,33.0,9521.64,0,0,0.2786,1,0
1439,Graham-Nunez,Mexico,Americas,Home Goods,1,3.01,0.813,0.65,22.3,7.63,0.3422,0.0547,Air,722.0,5.14,66180.24,B,90.0,5.0,0.0,0.0,0.0,0.0,0.0,9999.0,91.66,0,0,0.2825,0,0
1295,Knapp Group,India,Asia,Food & Beverage,0,2.72,0.695,0.7515000000000001,28.8,7.495,0.25560000000000005,0.0514,Unknown,33.0,3.59,592501.79,C,30.0,5.0,0.0,0.0,0.0,0.0,0.0,9999.0,17954.6,1,0,0.2732,1,0
1233,Castro Llc,China,Asia,Food & Beverage,0,3.15,0.715,0.704,32.9,6.99,0.2125,0.0603,Air,84.0,1.0,76149.58,B,30.0,1.0,2.0,2.0,3.0,7.0,3627.46,800.0,906.54,1,0,0.2666,1,0
1100,"Lucas, Adams And Ewing",China,Asia,Apparel,1,4.12,0.732,0.679,29.9,6.21,0.2077,0.0206,Air,228.0,8.51,502407.84,B,30.0,9.0,0.0,0.0,0.0,0.0,0.0,9999.0,2203.54,1,1,0.2658,1,0
1284,Meyers Ltd,India,Asia,Beauty & Personal Care,1,7.06,0.781,0.734,27.4,7.7,0.281,0.0514,Road,9.0,1.625,808613.8049999999,Unknown,45.0,1.0,0.0,0.0,0.0,0.0,0.0,9999.0,89845.98,1,1,0.2517,0,0
1149,Wilcox-Miller,China,Asia,Toys & Games,1,4.1,0.715,0.811,35.8,9.5,0.2654,0.0543,Sea,17.0,1.79,611327.97,B,30.0,1.0,0.0,0.0,0.0,0.0,0.0,9999.0,35960.47,1,1,0.2503,1,0
1016,Smith-Wright,Bangladesh,Asia,Electronics,0,3.87,0.622,0.715,24.9,7.51,0.3016,0.0637,Road,44.0,1.625,808613.8049999999,Unknown,45.0,1.0,1.0,3.0,3.0,5.0,5605.17,603.0,18377.59,1,0,0.3272,1,0
1164,Tucker Ltd,China,Asia,Electronics,1,1.8,0.8,0.859,35.9,8.37,0.2331,0.0469,Sea,50.0,1.625,808613.8049999999,Unknown,45.0,1.0,1.0,3.0,3.0,17.0,15959.75,581.0,16172.28,1,1,0.1922,0,0
1290,"Welch, Love And Martin",China,Asia,Home Goods,1,2.28,0.707,0.836,35.8,12.51,0.3494,0.0514,Sea,38.0,2.47,346456.96,C,30.0,2.0,1.0,1.0,1.0,9.0,5277.29,133.0,9117.29,1,1,0.2712,1,0
1047,"Young, Scott And Webb",China,Asia,Unknown,0,8.35,0.624,0.682,27.7,11.73,0.4235,0.0651,Sea,69.0,3.96,335932.38,D,30.0,3.0,0.0,0.0,0.0,0.0,0.0,9999.0,4868.59,1,0,0.3728,1,0
1087,Williams Ltd,China,Asia,Electronics,0,4.94,0.684,0.735,35.3,7.93,0.2246,0.0649,Sea,40.0,5.53,6009493.53,A,30.0,2.0,1.0,3.0,3.0,8.0,0.0,824.0,150237.34,1,0,0.2733,2,1
1038,Clark-Ryan,India,Asia,Beauty & Personal Care,0,6.72,0.7,0.76,27.9,10.38,0.372,0.0514,Road,30.0,3.32,792872.15,B,90.0,3.0,2.0,2.0,3.0,1.0,7630.37,2.0,26429.07,1,0,0.3036,1,0
1423,Pena-James,Mexico,Americas,Toys & Games,1,4.7,0.753,0.876,30.5,8.18,0.2682,0.0483,Road,45.0,2.71,201052.73,A,45.0,1.0,2.0,1.5,2.0,7.5,8822.86,91.0,4467.84,0,0,0.2165,0,0
1371,Maxwell-Ford,Mexico,Americas,Beauty & Personal Care,1,3.98,0.726,0.656,29.0,5.3,0.1828,0.0391,Air,89.0,1.0,183563.95,A,30.0,0.0,0.0,0.0,0.0,0.0,0.0,9999.0,2062.52,0,0,0.2676,0,0
1425,"Sanchez, Aguilar And Jones",China,Asia,Electronics,1,8.68,0.695,0.7515000000000001,28.8,7.495,0.25560000000000005,0.0514,Unknown,33.0,4.17,634476.68,D,60.0,5.0,0.0,0.0,0.0,0.0,0.0,9999.0,19226.57,1,1,0.2732,1,0
1446,"Morrison, Nelson And Hernandez",India,Asia,Food & Beverage,0,8.71,0.695,0.7515000000000001,28.8,7.495,0.25560000000000005,0.0514,Unknown,33.0,2.72,923538.1,B,60.0,1.0,1.0,2.0,2.0,15.0,0.0,703.0,27986.0,1,0,0.2732,1,0
1294,"Dunn, Hernandez And Sanchez",China,Asia,Food & Beverage,0,6.72,0.535,0.603,32.1,10.29,0.3206,0.0843,Rail,78.0,1.79,15239706.13,B,30.0,3.0,1.0,3.0,3.0,29.0,36621.8,302.0,195380.85,1,0,0.4013,2,1
1173,Smith Llc,China,Asia,Food & Beverage,1,6.84,0.695,0.68,28.4,10.98,0.3866,0.0532,Air,37.0,1.625,808613.8049999999,Unknown,45.0,1.0,3.0,2.333,4.0,16.333,11558.38,212.0,21854.43,1,1,0.334,2,1
1074,Allen-Fernandez,Germany,Europe,Toys & Games,1,1.5,0.786,0.758,22.2,1.09,0.0491,0.034,Sea,6.0,1.625,808613.8049999999,Unknown,45.0,1.0,1.0,4.0,4.0,11.0,7844.41,32.0,134768.97,0,0,0.1729,0,0
1281,Diaz-Gibson,China,Asia,Electronics,0,7.73,0.584,0.781,34.4,11.9,0.3459,0.0564,Road,35.0,9.48,14141850.76,A,60.0,11.0,1.0,1.0,1.0,13.0,1804.06,1026.0,404052.88,1,0,0.3359,2,1
1105,Marshall-Bright,USA,Americas,Beauty & Personal Care,0,9.67,0.894,0.773,21.8,4.72,0.2165,0.0447,Sea,20.0,1.0,1402293.62,A,45.0,0.0,1.0,3.0,3.0,1.0,46734.14,775.0,70114.68,0,0,0.1754,0,0
1358,Horton-Gonzalez,Indonesia,Asia,Electronics,1,1.39,0.578,0.801,35.2,4.11,0.1168,0.0421,Sea,19.0,1.625,808613.8049999999,Unknown,45.0,1.0,1.0,3.0,3.0,2.0,1002.13,1056.0,42558.62,1,1,0.2635,1,0
1254,Baker Llc,Germany,Europe,Electronics,0,5.45,0.926,0.907,14.4,5.44,0.3778,0.0489,Road,79.0,2.2,97377.58,C,30.0,2.0,1.0,3.0,3.0,18.0,171.16,44.0,1232.63,0,0,0.1708,0,0
1017,Gallegos Llc,Vietnam,Asia,Apparel,0,9.32,0.688,0.892,30.0,7.42,0.2473,0.0506,Air,99.0,1.625,808613.8049999999,Unknown,45.0,1.0,4.0,3.0,4.0,15.0,19083.46,100.0,8167.82,1,0,0.2314,2,1
1447,Fisher-Tyler,Germany,Europe,Apparel,0,1.6,1.0,0.755,16.8,3.0,0.1786,0.001,Sea,18.0,3.09,521874.78,C,30.0,0.0,2.0,3.0,3.0,10.5,2060.07,475.0,28993.04,0,0,0.1271,0,0
1092,Allen-Hudson,Vietnam,Asia,Apparel,0,1.31,0.739,0.698,31.1,7.83,0.2518,0.0575,Sea,33.0,1.54,1193563.21,C,90.0,1.0,1.0,4.0,4.0,1.0,185.02,474.0,36168.58,1,0,0.2705,0,0
1089,Koch-Brown,China,Asia,Home Goods,1,7.52,0.695,0.682,21.1,9.7,0.4597,0.0429,Sea,174.0,1.625,808613.8049999999,Unknown,45.0,1.0,1.0,4.0,4.0,1.0,237342.69,657.0,4647.21,1,1,0.3553,2,1
1387,Sherman And Sons,India,Asia,Electronics,0,3.9,0.763,0.662,31.4,8.41,0.2678,0.0689,Sea,45.0,3.13,1864446.03,B,30.0,3.0,1.0,3.0,3.0,3.0,593.14,672.0,41432.13,1,0,0.2765,0,0
1141,"Wilson, Martinez And Logan",Brazil,Americas,Electronics,0,6.22,0.845,0.802,27.7,7.56,0.2729,0.0331,Road,36.0,7.45,584588.98,B,90.0,4.0,0.0,0.0,0.0,0.0,0.0,9999.0,16238.58,0,0,0.2033,1,0
1195,"Nelson, Howard And Wiley",China,Asia,Beauty & Personal Care,1,2.59,0.692,0.766,35.8,7.54,0.2106,0.0498,Sea,17.0,1.625,808613.8049999999,Unknown,45.0,1.0,4.0,2.75,4.0,16.75,73697.55,179.0,47565.52,1,1,0.2566,2,1
1206,Rosario-Hahn,India,Asia,Beauty & Personal Care,0,3.88,0.695,0.773,27.5,5.72,0.208,0.0397,Sea,88.0,1.0,199391.01,C,30.0,1.0,1.0,3.0,3.0,10.0,10514.76,692.0,2265.81,1,0,0.2525,1,0
1103,Lewis-Campos,Bangladesh,Asia,Beauty & Personal Care,1,2.93,0.563,0.8,32.0,8.58,0.2681,0.0514,Sea,64.0,1.625,808613.8049999999,Unknown,45.0,1.0,1.0,1.0,1.0,9.0,3041.71,528.0,12634.59,1,1,0.3152,1,0
1265,Wright Plc,Italy,Europe,Electronics,1,6.87,0.933,0.633,31.5,5.42,0.1721,0.0335,Sea,45.0,1.0,492982.0,A,45.0,1.0,1.0,1.0,1.0,10.0,15596.88,874.0,10955.16,0,0,0.1885,0,0
1175,Mcmahon-Young,China,Asia,Food & Beverage,0,7.64,0.66,0.872,30.7,6.78,0.2208,0.0363,Sea,9.0,1.0,1766092.6,A,60.0,1.0,0.0,0.0,0.0,0.0,0.0,9999.0,196232.51,1,0,0.2406,1,0
1171,Roman Ltd,Turkey,Europe,Toys & Games,0,7.79,0.559,0.784,32.1,6.01,0.1872,0.0617,Air,21.0,2.39,4117434.28,A,90.0,0.0,0.0,0.0,0.0,0.0,0.0,9999.0,196068.3,0,0,0.2974,1,0
1389,Guerrero Plc,USA,Americas,Toys & Games,0,8.97,0.86,0.789,28.8,0.5,0.0174,0.0212,Sea,15.0,1.0,536723.91,Unknown,60.0,0.0,0.0,0.0,0.0,0.0,0.0,9999.0,35781.59,0,0,0.1245,0,0
1158,Nash Plc,Mexico,Americas,Electronics,1,2.37,0.716,0.776,23.9,5.97,0.2498,0.0562,Road,29.0,1.0,5351103.62,A,30.0,2.0,2.0,2.0,3.0,32.5,325.48,133.0,184520.81,0,0,0.2557,1,0
1071,Smith Group,Mexico,Americas,Apparel,1,9.6,0.691,0.814,28.1,5.1,0.1815,0.0422,Air,78.0,1.625,808613.8049999999,Unknown,45.0,1.0,0.0,0.0,0.0,0.0,0.0,9999.0,10366.84,0,0,0.2339,1,0
1134,Wade-Smith,China,Asia,Home Goods,1,9.07,0.658,0.701,23.9,7.36,0.3079,0.0539,Sea,29.0,2.73,56330.95,Unknown,45.0,1.0,3.0,1.333,2.0,23.0,10387.28,467.0,1942.45,1,1,0.3189,2,1
1455,Copeland-Cooley,Vietnam,Asia,Toys & Games,1,8.44,0.695,0.685,30.9,10.88,0.3521,0.0861,Sea,87.0,2.67,684219.2,C,30.0,3.0,1.0,2.0,2.0,11.0,0.0,75.0,7864.59,1,1,0.3221,2,1
1379,Garrison Ltd,Vietnam,Asia,Home Goods,0,1.6,0.614,0.713,21.6,6.19,0.2866,0.0705,Sea,12.0,2.11,773854.32,Unknown,60.0,0.0,2.0,2.0,3.0,17.5,8829.52,137.0,64487.86,1,0,0.3265,1,0
1363,Nelson Plc,India,Asia,Apparel,0,3.24,0.615,0.884,28.8,4.54,0.1576,0.0549,Sea,64.0,3.39,145689.29,B,30.0,0.0,1.0,3.0,3.0,4.0,45474.6,710.0,2276.4,1,0,0.2361,1,0
1246,Graham And Sons,India,Asia,Toys & Games,0,2.3,0.727,0.791,35.6,7.79,0.2188,0.0636,Sea,104.0,8.29,28319205.66,A,60.0,6.0,2.0,1.5,2.0,2.5,16065.61,221.0,272300.05,1,0,0.2375,1,0
1470,Roberts-Duffy,Brazil,Americas,Electronics,0,3.07,0.771,0.799,22.9,6.51,0.2843,0.0494,Sea,43.0,1.16,944520.78,A,90.0,0.0,3.0,2.667,3.0,9.333,3155.33,11.0,21965.6,0,0,0.2372,1,0
1432,Patterson Ltd,China,Asia,Beauty & Personal Care,1,7.56,0.612,0.776,35.8,8.38,0.2341,0.0812,Sea,28.0,1.0,808075.72,C,30.0,1.0,2.0,3.0,3.0,13.0,12881.78,19.0,28859.85,1,1,0.2926,2,1
1353,House Plc,Germany,Europe,Apparel,1,1.79,0.886,0.767,25.3,2.02,0.0798,0.0424,Road,51.0,2.59,765982.21,B,90.0,3.0,1.0,3.0,3.0,1.0,4228.34,1039.0,15019.26,0,0,0.1394,0,0
1245,"Cross, Martin And Berry",Germany,Europe,Electronics,1,1.96,0.791,0.734,6.4,5.07,0.7922,0.0426,Sea,14.0,1.625,808613.8049999999,Unknown,45.0,1.0,1.0,1.0,1.0,5.0,0.0,276.0,57758.13,0,0,0.4011,1,0
1019,"Thomas, Richards And Ortiz",Vietnam,Asia,Toys & Games,0,6.49,0.589,0.69,34.6,8.46,0.2445,0.0481,Road,35.0,1.0,3396720.46,A,45.0,1.0,0.0,0.0,0.0,0.0,0.0,9999.0,97049.16,1,0,0.3308,1,0
1178,Roberts Group,China,Asia,Apparel,1,7.32,0.695,0.755,33.4,6.78,0.203,0.0483,Sea,16.0,1.625,808613.8049999999,Unknown,45.0,1.0,1.0,4.0,4.0,35.0,361.26,907.0,50538.36,1,1,0.2564,1,0
1410,"Johnson, Buckley And Welch",Brazil,Americas,Food & Beverage,0,6.39,0.695,0.7515000000000001,28.8,7.495,0.25560000000000005,0.0514,Unknown,33.0,1.76,525133.49,A,90.0,4.0,0.0,0.0,0.0,0.0,0.0,9999.0,15913.14,0,0,0.2732,1,0
1021,James-Spence,China,Asia,Toys & Games,0,7.11,0.726,0.805,22.2,5.83,0.2626,0.0284,Sea,58.0,1.0,175154.06,B,45.0,1.0,2.0,2.0,3.0,21.5,3690.4,85.0,3019.9,1,0,0.2469,0,0
1056,"Anderson, Jordan And Bennett",Vietnam,Asia,Toys & Games,1,2.53,0.49,0.773,33.8,6.65,0.1967,0.0514,Air,45.0,1.48,7909142.69,C,45.0,2.0,1.0,1.0,1.0,8.0,12209.52,13.0,175758.73,1,1,0.3311,1,0
1320,Lynch-Martin,Mexico,Americas,Food & Beverage,0,4.58,0.665,0.705,20.0,6.43,0.3215,0.0244,Rail,35.0,1.02,186362.29,Unknown,45.0,1.0,3.0,2.333,4.0,10.667,4063.62,634.0,5324.64,0,0,0.3189,2,1
1462,"Greene, Golden And Payne",China,Asia,Beauty & Personal Care,0,1.24,0.686,0.7,39.0,9.18,0.2354,0.07,Air,84.0,2.88,5783218.95,B,120.0,1.0,0.0,0.0,0.0,0.0,0.0,9999.0,68847.84,1,0,0.2862,1,0
1368,"Walker, Lee And Simpson",China,Asia,Beauty & Personal Care,1,5.48,0.641,0.732,37.0,6.57,0.1776,0.0645,Air,33.0,1.9,3836438.43,A,60.0,1.0,1.0,2.0,2.0,6.0,0.0,864.0,116255.71,1,1,0.2773,1,0
1035,Hernandez-Lane,Bangladesh,Asia,Beauty & Personal Care,0,6.84,0.362,0.674,34.8,11.0,0.3161,0.0551,Air,83.0,1.52,354940.04,C,45.0,2.0,2.0,3.0,3.0,3.0,130.47,499.0,4276.39,1,0,0.4478,1,0
1182,Gregory-Mitchell,China,Asia,Toys & Games,1,4.26,0.405,0.696,32.2,5.9,0.1832,0.0514,Air,134.0,4.18,2925257.69,Unknown,30.0,1.0,2.0,1.5,2.0,10.5,0.0,583.0,21830.28,1,1,0.3842,1,0
1185,"Mcdaniel, Montes And Moody",Brazil,Americas,Beauty & Personal Care,1,1.11,0.515,0.62,28.2,7.52,0.2667,0.0364,Road,8.0,3.06,708593.52,B,60.0,1.0,1.0,3.0,3.0,1.0,1609.15,27.0,88574.19,0,0,0.388,1,0
1151,Atkins-Jimenez,USA,Americas,Unknown,1,6.83,0.733,0.698,22.1,6.4,0.2896,0.0184,Rail,49.0,1.0,484256.29,B,45.0,0.0,3.0,2.0,3.0,18.0,10739.03,217.0,9882.78,0,0,0.2843,1,0
1208,"Rodriguez, Shaffer And Snyder",China,Asia,Apparel,1,8.07,0.481,0.746,29.1,6.85,0.2354,0.0682,Road,69.0,3.04,340834.79,Unknown,120.0,4.0,1.0,3.0,3.0,12.0,304.78,867.0,4939.63,1,1,0.3544,1,0
1352,Hodge-Gonzalez,China,Asia,Beauty & Personal Care,0,6.32,0.701,0.802,32.2,7.68,0.2385,0.0561,Road,32.0,2.81,28531.04,C,90.0,1.0,2.0,2.0,2.0,32.0,3142.32,576.0,891.6,1,0,0.2506,1,0
1095,"Willis, Hicks And Thompson",Vietnam,Asia,Food & Beverage,1,5.43,0.629,0.642,28.9,7.18,0.2484,0.0677,Road,101.0,3.95,60883.93,B,60.0,3.0,4.0,1.75,3.0,5.0,28890.54,283.0,602.81,1,1,0.3303,2,1
1377,Gomez Ltd,Mexico,Americas,Beauty & Personal Care,0,7.23,0.831,0.632,24.0,6.61,0.2754,0.0477,Sea,54.0,2.97,4810453.26,A,30.0,5.0,1.0,4.0,4.0,8.0,3696.49,988.0,89082.47,0,0,0.2606,0,0
1303,Stanton-Gutierrez,Italy,Europe,Apparel,1,5.31,0.638,0.865,29.8,4.86,0.1631,0.0501,Air,19.0,2.4,3158431.85,B,60.0,0.0,1.0,2.0,2.0,13.0,5481.23,327.0,166233.26,0,0,0.2342,1,0
1098,Burton And Sons,Vietnam,Asia,Food & Beverage,1,5.57,0.695,0.714,26.2,9.9,0.3779,0.0808,Road,20.0,6.06,7536504.74,D,30.0,1.0,0.0,0.0,0.0,0.0,0.0,9999.0,376825.24,1,1,0.3212,3,1
1236,"Mckay, Gomez And Jones",Germany,Europe,Apparel,1,9.91,0.723,0.818,22.4,2.58,0.1152,0.0354,Road,32.0,4.78,1813756.73,A,120.0,1.0,2.0,2.0,3.0,12.0,630.04,275.0,56679.9,0,0,0.2,0,0
1405,Thomas-Mueller,India,Asia,Beauty & Personal Care,0,5.37,0.744,0.787,27.5,8.05,0.2927,0.0342,Sea,28.0,3.03,563259.28,A,90.0,4.0,1.0,4.0,4.0,14.0,5118.73,71.0,20116.4,1,0,0.2541,0,0
1442,"Johnson, Gonzalez And Johnson",China,Asia,Toys & Games,1,3.16,0.886,0.671,23.3,4.44,0.1906,0.0697,Sea,24.0,1.0,1974952.32,A,45.0,0.0,3.0,2.0,3.0,6.0,196045.49,41.0,82289.68,1,1,0.2015,1,0
1155,"Ryan, Brown And Ford",Germany,Europe,Electronics,1,2.19,0.705,0.886,25.5,5.1,0.2,0.0468,Sea,125.0,1.0,1020965.69,D,60.0,0.0,2.0,2.0,3.0,4.0,2174.26,299.0,8167.73,0,0,0.2122,1,0
1123,Hill Inc,India,Asia,Home Goods,1,4.76,0.741,0.762,25.9,6.98,0.2695,0.0514,Sea,65.0,4.97,644821.3,C,45.0,2.0,3.0,2.0,3.0,10.333,13198.58,170.0,9920.33,1,1,0.2558,1,0
1339,"Osborne, Stevens And Ward",Mexico,Americas,Electronics,0,2.14,0.677,0.778,28.2,9.75,0.3457,0.0456,Sea,53.0,7.03,129580.73,C,45.0,5.0,3.0,2.333,3.0,9.0,0.0,367.0,2444.92,0,0,0.2995,3,1
1079,"Ortega, Orozco And Robertson",USA,Americas,Home Goods,0,3.01,0.759,0.846,14.1,2.35,0.1667,0.0141,Rail,132.0,2.49,2069395.3,B,90.0,3.0,0.0,0.0,0.0,0.0,0.0,9999.0,15677.24,0,0,0.1926,0,0
1062,"May, Taylor And Calderon",Brazil,Americas,Toys & Games,1,2.08,0.695,0.658,32.1,10.08,0.314,0.0332,Sea,74.0,2.39,2464391.19,C,60.0,4.0,0.0,0.0,0.0,0.0,0.0,9999.0,33302.58,0,0,0.3188,1,0
1476,Baker Llc,China,Asia,Unknown,0,8.53,0.604,0.658,32.0,6.24,0.195,0.0651,Sea,75.0,2.61,912811.63,B,45.0,2.0,1.0,1.0,1.0,2.0,133.38,671.0,12170.82,1,0,0.3195,1,0
1126,"Rice, Williams And Bishop",Poland,Europe,Home Goods,1,6.28,0.695,0.7515000000000001,28.8,7.495,0.25560000000000005,0.0514,Unknown,33.0,1.0,2882363.48,A,60.0,1.0,1.0,3.0,3.0,21.0,0.0,443.0,87344.35,0,0,0.2732,1,0
1319,Dennis-Casey,China,Asia,Apparel,1,3.33,0.695,0.7515000000000001,28.8,7.495,0.25560000000000005,0.0514,Unknown,33.0,1.625,808613.8049999999,Unknown,45.0,1.0,1.0,2.0,2.0,2.0,1690.17,241.0,24503.45,1,1,0.2732,1,0
1317,Davis Inc,Bangladesh,Asia,Home Goods,0,7.32,0.834,0.755,25.3,9.57,0.3783,0.0388,Road,22.0,5.76,2807039.36,B,60.0,5.0,3.0,2.333,3.0,10.0,21223.27,50.0,127592.7,1,0,0.2534,2,1
1496,King-Thomas,Mexico,Americas,Apparel,1,1.79,0.694,0.766,25.9,5.3,0.2046,0.0495,Rail,13.0,1.625,808613.8049999999,Unknown,45.0,1.0,0.0,0.0,0.0,0.0,0.0,9999.0,62201.06,0,0,0.254,1,0
1431,Jensen Plc,Poland,Europe,Food & Beverage,0,8.31,0.807,0.955,24.1,3.94,0.1635,0.0353,Rail,19.0,1.42,525004.86,B,120.0,1.0,2.0,1.5,2.0,14.5,2957.46,40.0,27631.83,0,0,0.1398,0,0
1451,Ray-James,Mexico,Americas,Beauty & Personal Care,0,2.34,0.71,0.762,31.7,5.57,0.1757,0.0484,Rail,23.0,4.39,355472.41,B,45.0,0.0,1.0,1.0,1.0,2.0,65298.01,574.0,15455.32,0,0,0.2401,1,0
1418,Robinson Group,China,Asia,Beauty & Personal Care,1,9.68,0.76,0.887,23.1,4.44,0.1922,0.0871,Road,16.0,10.0,619875.07,B,30.0,5.0,0.0,0.0,0.0,0.0,0.0,9999.0,38742.19,1,1,0.1876,2,1
1025,Johnston-Estes,China,Asia,Food & Beverage,0,1.04,0.592,0.756,26.1,8.32,0.3188,0.0514,Rail,37.0,7.09,809151.89,B,60.0,8.0,2.0,3.0,3.0,15.0,27764.42,183.0,21868.97,1,0,0.332,2,1
1329,Molina Ltd,USA,Americas,Food & Beverage,0,5.61,0.643,0.683,23.0,9.23,0.4013,0.051,Air,3.0,4.52,2504142.77,A,90.0,2.0,1.0,1.0,1.0,16.0,1250.09,903.0,834714.26,0,0,0.3583,1,0
1440,Brown Group,Indonesia,Asia,Home Goods,0,3.62,0.704,0.854,34.3,8.63,0.2516,0.0629,Rail,51.0,1.0,263918.46,D,45.0,0.0,0.0,0.0,0.0,0.0,0.0,9999.0,5174.87,1,0,0.2377,1,0
1127,Mccann Llc,Mexico,Americas,Beauty & Personal Care,1,1.35,0.749,0.872,30.3,3.59,0.1185,0.0628,Air,24.0,1.61,1584724.03,A,90.0,0.0,1.0,2.0,2.0,1.0,686.69,437.0,66030.17,0,0,0.1744,0,0
1424,Taylor Llc,China,Asia,Home Goods,1,5.93,0.566,0.518,29.6,10.4,0.3514,0.0884,Air,49.0,1.63,3135863.75,B,60.0,0.0,0.0,0.0,0.0,0.0,0.0,9999.0,63997.22,1,1,0.4236,2,1
1328,"Conner, Meza And Boyle",Bangladesh,Asia,Toys & Games,0,1.56,0.655,0.735,30.0,9.14,0.3047,0.0569,Air,24.0,1.0,1377538.88,C,120.0,0.0,1.0,2.0,2.0,27.0,346.18,976.0,57397.45,1,0,0.3089,1,0
1179,Santos-Anderson,Vietnam,Asia,Electronics,0,7.35,0.625,0.73,33.0,4.91,0.1488,0.0216,Sea,12.0,1.0,651045.02,A,30.0,1.0,1.0,4.0,4.0,17.0,155.87,364.0,54253.75,1,0,0.2756,1,0
1444,"Leon, Ortega And Walls",China,Asia,Apparel,1,5.86,0.695,0.7515000000000001,28.8,7.495,0.25560000000000005,0.0514,Unknown,33.0,1.625,808613.8049999999,Unknown,45.0,1.0,1.0,1.0,1.0,40.0,2921.93,923.0,24503.45,1,1,0.2732,1,0
1381,Ortiz Group,Poland,Europe,Food & Beverage,1,7.14,0.986,0.911,27.0,5.54,0.2052,0.0348,Sea,35.0,6.57,1233636.32,A,60.0,5.0,1.0,3.0,3.0,25.0,0.0,933.0,35246.75,0,0,0.0939,1,0
1224,"Sanders, Clark And Aguilar",Mexico,Americas,Toys & Games,0,8.86,0.594,0.843,26.6,7.94,0.2985,0.0514,Sea,63.0,3.82,158910.45,A,30.0,2.0,1.0,3.0,3.0,15.0,22897.53,318.0,2522.39,0,0,0.2991,1,0
1359,Aguilar Group,India,Asia,Beauty & Personal Care,0,6.02,0.695,0.772,31.5,7.92,0.2514,0.0447,Sea,32.0,1.36,303159.63,B,45.0,1.0,1.0,3.0,3.0,6.0,10234.56,683.0,9473.74,1,0,0.2658,1,0
1094,Pierce Llc,China,Asia,Toys & Games,1,8.92,0.713,0.726,33.7,6.36,0.1887,0.0615,Sea,30.0,1.0,435032.01,C,30.0,0.0,1.0,1.0,1.0,5.0,0.0,816.0,14501.07,1,1,0.2536,1,0
1070,Dominguez Group,Brazil,Americas,Apparel,1,8.2,0.695,0.7515000000000001,28.8,7.495,0.25560000000000005,0.0514,Unknown,33.0,1.625,808613.8049999999,Unknown,45.0,1.0,1.0,1.0,1.0,20.0,3249.98,47.0,24503.45,0,0,0.2732,1,0
1037,Charles Group,Germany,Europe,Apparel,0,1.13,0.882,0.783,24.2,3.82,0.1579,0.0339,Sea,35.0,1.0,449333.99,C,30.0,1.0,0.0,0.0,0.0,0.0,0.0,9999.0,12838.11,0,0,0.1597,0,0
1161,"Perry, Stone And Webb",China,Asia,Home Goods,1,6.72,0.695,0.7515000000000001,28.8,7.495,0.25560000000000005,0.0514,Unknown,33.0,1.17,4839176.23,C,60.0,0.0,2.0,1.0,1.0,7.5,2645.45,736.0,146641.7,1,1,0.2732,1,0
1012,Smith And Sons,Indonesia,Asia,Electronics,0,5.35,0.775,0.687,36.6,8.2,0.224,0.0871,Road,132.0,1.0,251876.35,A,30.0,2.0,1.0,1.0,1.0,17.0,1559.31,46.0,1908.15,1,0,0.2511,1,0
1145,"Hendricks, Ferguson And Wright",Mexico,Americas,Beauty & Personal Care,1,7.76,0.877,0.71,28.0,5.12,0.1829,0.0272,Sea,32.0,10.0,27121.45,C,45.0,6.0,1.0,3.0,3.0,24.0,2871.96,763.0,847.55,0,0,0.1911,1,0
1361,"Gonzalez, Bradford And Daniel",Brazil,Americas,Home Goods,0,8.17,0.778,0.682,28.4,6.04,0.2127,0.0572,Sea,75.0,4.24,2229884.47,C,30.0,4.0,1.0,1.0,1.0,11.0,849.4,644.0,29731.79,0,0,0.248,0,0
1128,Simon Ltd,Germany,Europe,Toys & Games,1,2.09,0.695,0.7515000000000001,28.8,7.495,0.25560000000000005,0.0514,Unknown,33.0,1.0,86778.45,A,30.0,0.0,1.0,1.0,1.0,39.0,2274.99,821.0,2629.65,0,0,0.2732,1,0
1448,Hill Group,USA,Americas,Toys & Games,0,2.51,0.695,0.7515000000000001,28.8,7.495,0.25560000000000005,0.0514,Unknown,33.0,3.6,156492.02,A,90.0,2.0,1.0,2.0,2.0,2.0,0.0,931.0,4742.18,0,0,0.2732,1,0
1010,"Conway, Ray And Moore",Bangladesh,Asia,Beauty & Personal Care,1,5.08,0.506,0.578,37.1,13.48,0.3633,0.0828,Air,53.0,1.625,808613.8049999999,Unknown,45.0,1.0,1.0,3.0,3.0,8.0,478.7,395.0,15256.86,1,1,0.4332,2,1
1382,Perez Plc,Poland,Europe,Beauty & Personal Care,1,1.26,0.704,0.783,23.8,1.94,0.0815,0.0604,Road,47.0,3.95,897655.91,C,60.0,4.0,0.0,0.0,0.0,0.0,0.0,9999.0,19099.06,0,0,0.208,1,0
1177,Charles Llc,Turkey,Europe,Apparel,0,6.62,0.732,0.755,24.7,8.8,0.3563,0.0444,Sea,256.0,2.61,2125712.54,C,45.0,4.0,0.0,0.0,0.0,0.0,0.0,9999.0,8303.56,0,0,0.2876,0,0
1232,Nelson-Skinner,Brazil,Americas,Electronics,0,3.35,0.695,0.7515000000000001,28.8,7.495,0.25560000000000005,0.0514,Unknown,33.0,1.0,636519.61,A,45.0,0.0,2.0,1.0,1.0,5.5,985.41,576.0,19288.47,0,0,0.2732,1,0
1211,"Thompson, Cooper And Hill",Brazil,Americas,Beauty & Personal Care,0,5.91,0.787,0.755,24.8,8.4,0.3387,0.0559,Sea,55.0,1.625,808613.8049999999,Unknown,45.0,1.0,2.0,2.5,4.0,7.5,12358.84,180.0,14702.07,0,0,0.2603,0,0
1129,Hardy-Gomez,China,Asia,Home Goods,1,1.89,0.654,0.808,31.6,8.5,0.269,0.0535,Road,42.0,3.59,866175.14,B,30.0,2.0,0.0,0.0,0.0,0.0,0.0,9999.0,20623.22,1,1,0.2767,1,0
1144,Jacobs And Sons,India,Asia,Electronics,0,2.14,0.928,0.689,26.3,6.15,0.2338,0.0447,Road,85.0,5.03,1046085.86,C,60.0,7.0,1.0,1.0,1.0,8.0,0.0,637.0,12306.89,1,0,0.1922,0,0
1242,Adams And Sons,Bangladesh,Asia,Home Goods,1,8.46,0.546,0.665,32.5,7.59,0.2335,0.0514,Rail,14.0,1.0,135732.33,B,60.0,0.0,1.0,1.0,1.0,19.0,39467.49,32.0,9695.17,1,1,0.3521,1,0
1008,Reed Ltd,China,Asia,Beauty & Personal Care,0,6.18,0.542,0.58,29.1,8.52,0.2928,0.0576,Sea,15.0,1.0,326180.26,C,60.0,1.0,1.0,1.0,1.0,30.0,0.0,535.0,21745.35,1,0,0.397,1,0
1299,Cooper Inc,USA,Americas,Home Goods,0,3.89,0.807,0.908,16.0,7.95,0.4969,0.0383,Sea,31.0,2.77,171514.83,B,45.0,2.0,1.0,2.0,2.0,39.0,19661.71,1034.0,5532.74,0,0,0.2539,1,0
1255,Nelson-Weiss,Mexico,Americas,Toys & Games,0,4.9,0.757,0.731,26.3,8.08,0.3072,0.0184,Sea,35.0,1.625,808613.8049999999,Unknown,45.0,1.0,1.0,1.0,1.0,54.0,4386.56,340.0,23103.25,0,0,0.2701,0,0
1378,"Fox, Thomas And Powell",China,Asia,Food & Beverage,0,1.35,0.633,0.653,41.9,7.85,0.1874,0.0608,Rail,34.0,8.93,1103983.65,B,90.0,6.0,1.0,2.0,2.0,6.0,11018.01,395.0,32470.11,1,0,0.3071,2,1
1342,Rodriguez-Perry,China,Asia,Home Goods,1,6.64,0.642,0.777,35.8,6.63,0.1852,0.0514,Sea,49.0,3.95,48175.52,A,30.0,1.0,2.0,3.0,3.0,10.5,12020.13,81.0,983.17,1,1,0.2657,1,0
1009,Hill Ltd,Germany,Europe,Unknown,0,5.21,0.635,0.835,20.9,5.36,0.2565,0.0308,Sea,86.0,1.625,808613.8049999999,Unknown,45.0,1.0,1.0,1.0,1.0,35.0,868.6,794.0,9402.49,0,0,0.2725,1,0
1157,Flores-Smith,Poland,Europe,Beauty & Personal Care,0,5.13,0.599,0.765,20.2,6.04,0.299,0.0581,Rail,36.0,1.625,808613.8049999999,Unknown,45.0,1.0,0.0,0.0,0.0,0.0,0.0,9999.0,22461.49,0,0,0.3206,1,0
1028,Bowman-Frederick,Indonesia,Asia,Home Goods,1,5.46,0.691,0.826,27.5,4.05,0.1473,0.0653,Road,12.0,1.0,434963.06,A,90.0,1.0,2.0,4.0,4.0,15.0,636.05,216.0,36246.92,1,1,0.22,1,0
1267,"Simmons, Dunn And Woods",Mexico,Americas,Home Goods,1,8.71,0.656,0.738,22.1,5.71,0.2584,0.0527,Sea,15.0,4.63,7340470.24,Unknown,60.0,4.0,0.0,0.0,0.0,0.0,0.0,9999.0,489364.68,0,0,0.2937,1,0
1065,Walters-Brown,China,Asia,Home Goods,1,9.89,0.552,0.635,35.8,11.62,0.3246,0.0574,Sea,35.0,2.83,2947986.36,A,45.0,3.0,1.0,1.0,1.0,69.0,0.0,1024.0,84228.18,1,1,0.3861,1,0
1256,Morton Inc,Vietnam,Asia,Unknown,0,1.74,0.695,0.7515000000000001,28.8,7.495,0.25560000000000005,0.0514,Unknown,33.0,1.47,407301.1,B,45.0,2.0,0.0,0.0,0.0,0.0,0.0,9999.0,12342.46,1,0,0.2732,1,0
1325,"Stone, Johnson And Kelly",Turkey,Europe,Apparel,1,6.11,0.769,0.848,31.1,11.15,0.3585,0.0414,Sea,7.0,1.0,1072550.51,A,120.0,2.0,0.0,0.0,0.0,0.0,0.0,9999.0,153221.5,0,0,0.2456,0,0
1154,Medina-Foley,Vietnam,Asia,Home Goods,1,9.79,0.632,0.705,36.4,8.92,0.2451,0.0393,Air,49.0,2.27,46129.69,D,30.0,1.0,0.0,0.0,0.0,0.0,0.0,9999.0,941.42,1,1,0.3092,1,0
1049,"Evans, Lee And Smith",Mexico,Americas,Home Goods,1,5.35,0.856,0.917,27.0,8.62,0.3193,0.0671,Rail,22.0,2.46,456736.66,C,60.0,2.0,1.0,1.0,1.0,3.0,0.0,413.0,20760.76,0,0,0.1783,0,0
1209,Armstrong-Spencer,China,Asia,Beauty & Personal Care,1,7.58,0.698,0.638,24.2,5.16,0.2132,0.0757,Sea,112.0,2.49,816727.91,A,30.0,2.0,0.0,0.0,0.0,0.0,0.0,9999.0,7292.21,1,1,0.2934,1,0
1288,"Park, Douglas And Walker",China,Asia,Toys & Games,1,6.47,0.695,0.7515000000000001,28.8,7.495,0.25560000000000005,0.0514,Unknown,33.0,1.05,916389.8,A,60.0,1.0,1.0,1.0,1.0,1.0,0.0,178.0,27769.39,1,1,0.2732,1,0
1002,"Barton, Thompson And Johnson",China,Asia,Apparel,1,1.49,0.729,0.777,33.2,8.24,0.2482,0.0691,Sea,24.0,1.0,208679.25,B,30.0,0.0,1.0,4.0,4.0,2.0,22929.37,361.0,8694.97,1,1,0.2498,0,0
1270,Martinez Group,China,Asia,Toys & Games,1,9.24,0.787,0.662,34.7,7.81,0.2251,0.058,Sea,40.0,1.29,1131925.28,B,45.0,2.0,3.0,3.667,4.0,16.333,49466.54,43.0,28298.13,1,1,0.2541,1,0
1266,"Norris, Hoover And Pitts",Brazil,Americas,Beauty & Personal Care,1,6.39,0.69,0.731,23.5,5.85,0.2489,0.0613,Sea,15.0,4.69,3482241.04,C,45.0,5.0,0.0,0.0,0.0,0.0,0.0,9999.0,232149.4,0,0,0.2794,1,0
1334,Lowe Ltd,Germany,Europe,Apparel,0,3.19,0.758,0.791,17.8,5.69,0.3197,0.0263,Sea,95.0,2.66,2413956.63,B,30.0,0.0,1.0,2.0,2.0,6.0,1006.56,83.0,25410.07,0,0,0.2554,0,0
1096,Green Plc,Poland,Europe,Toys & Games,1,2.38,0.811,0.951,23.1,3.8,0.1645,0.0173,Road,32.0,1.625,808613.8049999999,Unknown,45.0,1.0,2.0,1.5,2.0,16.5,3201.8,567.0,25269.18,0,0,0.1396,0,0
1473,Sanchez-Brown,China,Asia,Beauty & Personal Care,0,8.84,0.753,0.638,33.4,7.66,0.2293,0.0717,Sea,30.0,2.6,6009351.48,A,90.0,1.0,0.0,0.0,0.0,0.0,0.0,9999.0,200311.72,1,0,0.2762,0,0
1305,"Mccarthy, Ramirez And Nichols",Brazil,Americas,Apparel,0,2.23,0.782,0.821,24.2,7.08,0.2926,0.0602,Air,78.0,1.37,14021793.42,C,30.0,1.0,1.0,3.0,3.0,31.0,0.0,88.0,179766.58,0,0,0.2287,0,0
1117,Hernandez-Dennis,USA,Americas,Home Goods,0,5.66,0.823,0.599,22.0,5.26,0.2391,0.0459,Sea,35.0,5.17,281181.42,A,30.0,5.0,0.0,0.0,0.0,0.0,0.0,9999.0,8033.75,0,0,0.2628,0,0
1046,"Medina, Harrell And Henry",Mexico,Americas,Home Goods,1,3.28,0.695,0.62,33.5,3.28,0.0979,0.0625,Road,13.0,3.26,446492.98,A,45.0,0.0,1.0,2.0,2.0,5.0,0.0,573.0,34345.61,0,0,0.2654,1,0
1162,Chang-Riggs,Bangladesh,Asia,Beauty & Personal Care,1,3.49,0.685,0.708,27.5,9.25,0.3364,0.0443,Sea,22.0,7.78,3969939.64,A,30.0,4.0,0.0,0.0,0.0,0.0,0.0,9999.0,180451.8,1,1,0.3145,2,1
1499,Mitchell-Anderson,Vietnam,Asia,Home Goods,0,4.43,0.536,0.785,27.0,11.24,0.4163,0.0514,Sea,21.0,2.95,1630209.6,B,120.0,2.0,1.0,1.0,1.0,20.0,2534.6,652.0,77629.03,1,0,0.375,1,0
1118,Bennett Group,Mexico,Americas,Beauty & Personal Care,0,9.0,0.814,0.719,34.0,11.2,0.3294,0.0416,Air,105.0,2.52,206661.71,C,60.0,3.0,1.0,1.0,1.0,12.0,12735.57,13.0,1968.21,0,0,0.2575,0,0
1289,Barber-Campbell,USA,Americas,Beauty & Personal Care,0,3.01,0.929,0.742,28.8,0.5,0.0174,0.0224,Road,123.0,4.7,506869.43,B,30.0,4.0,1.0,4.0,4.0,14.0,263.3,217.0,4120.89,0,0,0.111,0,0
1078,"Montgomery, Mendoza And Poole",China,Asia,Electronics,1,1.95,0.695,0.7515000000000001,28.8,7.495,0.25560000000000005,0.0514,Unknown,33.0,1.18,960992.0,Unknown,60.0,1.0,1.0,3.0,3.0,5.0,1123.86,916.0,29120.97,1,1,0.2732,1,0
1402,Patrick-Ramirez,Italy,Europe,Apparel,1,7.32,0.855,0.841,27.9,6.04,0.2165,0.0184,Air,17.0,4.29,199980.54,A,90.0,4.0,0.0,0.0,0.0,0.0,0.0,9999.0,11763.56,0,0,0.1707,0,0
1064,Lewis Group,Mexico,Americas,Beauty & Personal Care,1,6.29,0.561,0.703,34.1,8.51,0.2496,0.0502,Rail,58.0,1.0,117141.8,Unknown,45.0,1.0,1.0,2.0,2.0,10.0,0.0,988.0,2019.69,0,0,0.3396,1,0
1459,Taylor Inc,China,Asia,Electronics,1,5.18,0.742,0.716,24.0,8.1,0.3375,0.0514,Sea,31.0,1.0,162093.4,B,90.0,0.0,2.0,4.0,4.0,11.5,8488.43,149.0,5228.82,1,1,0.2896,0,0
1397,Calhoun-Pratt,Germany,Europe,Toys & Games,1,6.3,0.68,0.825,23.0,8.57,0.3726,0.0629,Sea,12.0,1.625,808613.8049999999,Unknown,45.0,1.0,0.0,0.0,0.0,0.0,0.0,9999.0,67384.48,0,0,0.2923,1,0
1231,"Lee, Willis And Frazier",India,Asia,Beauty & Personal Care,1,1.97,0.471,0.689,32.0,9.1,0.2844,0.0514,Sea,4.0,7.3,1583766.12,B,45.0,4.0,0.0,0.0,0.0,0.0,0.0,9999.0,395941.53,1,1,0.3902,2,1
1298,Palmer-Hamilton,USA,Americas,Apparel,1,1.77,0.695,0.827,12.2,1.94,0.159,0.035,Sea,37.0,4.53,654198.86,B,90.0,4.0,2.0,1.5,2.0,3.5,2327.34,488.0,17681.05,0,0,0.2216,1,0
1187,"Gray, Taylor And Young",China,Asia,Unknown,1,4.84,0.735,0.646,30.7,1.72,0.056,0.0436,Sea,12.0,1.0,528565.42,B,45.0,1.0,1.0,3.0,3.0,6.0,0.0,623.0,44047.12,1,1,0.229,0,0
1120,"Mcgee, Schultz And Wilson",China,Asia,Toys & Games,0,7.13,0.678,0.659,23.9,6.91,0.2891,0.0514,Rail,67.0,1.62,771939.36,A,45.0,1.0,1.0,1.0,1.0,14.0,7440.87,150.0,11521.48,1,0,0.3178,1,0
1200,"Garcia, Rivera And Rivera",Bangladesh,Asia,Home Goods,0,5.23,0.767,0.554,32.7,4.96,0.1517,0.0734,Rail,46.0,1.625,808613.8049999999,Unknown,45.0,1.0,1.0,3.0,3.0,27.0,61519.91,415.0,17578.56,1,0,0.2725,0,0
1351,"Odonnell, Hughes And Briggs",India,Asia,Electronics,1,3.04,0.685,0.795,27.4,8.05,0.2938,0.0514,Sea,53.0,1.02,7284197.99,C,45.0,0.0,1.0,3.0,3.0,30.0,292.45,326.0,137437.7,1,1,0.2756,1,0
1122,Barnett-Ayala,China,Asia,Electronics,1,3.56,0.695,0.745,39.5,10.34,0.2618,0.0619,Air,14.0,3.33,94326.3,D,90.0,2.0,1.0,2.0,2.0,13.0,131.7,443.0,6737.59,1,1,0.277,1,0
1479,"Wilson, Griffin And Douglas",Vietnam,Asia,Home Goods,0,4.3,0.518,0.854,39.0,6.57,0.1685,0.0502,Sea,43.0,1.19,3716899.59,Unknown,30.0,4.0,2.0,2.0,3.0,5.0,11175.08,274.0,86439.53,1,0,0.2872,1,0
1443,Swanson-Silva,China,Asia,Electronics,1,4.81,0.671,0.691,31.9,5.51,0.1727,0.0444,Sea,19.0,1.0,276191.26,B,30.0,1.0,0.0,0.0,0.0,0.0,0.0,9999.0,14536.38,1,1,0.2761,1,0
1308,Edwards-Jacobs,China,Asia,Beauty & Personal Care,0,6.73,0.82,0.69,30.0,7.04,0.2347,0.0438,Sea,12.0,1.0,166209.83,Unknown,120.0,1.0,2.0,2.0,3.0,10.5,92.66,428.0,13850.82,1,0,0.2354,0,0
1472,Hoffman Plc,USA,Americas,Beauty & Personal Care,1,6.14,0.758,0.827,29.9,6.57,0.2197,0.045,Sea,16.0,1.0,401348.89,A,90.0,2.0,1.0,3.0,3.0,13.0,0.0,1051.0,25084.31,0,0,0.2146,0,0
1159,"Butler, Rose And Davis",Turkey,Europe,Beauty & Personal Care,0,5.0,0.596,0.852,32.5,6.51,0.2003,0.0514,Air,47.0,1.0,803002.11,A,30.0,2.0,0.0,0.0,0.0,0.0,0.0,9999.0,17085.15,0,0,0.2661,1,0
1086,Hughes-Hunter,Vietnam,Asia,Toys & Games,0,4.17,0.731,0.646,26.9,11.63,0.4323,0.0531,Sea,66.0,1.625,808613.8049999999,Unknown,45.0,1.0,0.0,0.0,0.0,0.0,0.0,9999.0,12251.72,1,0,0.3435,0,0
1226,Cooper Group,Brazil,Americas,Apparel,1,6.04,0.664,0.768,25.6,9.51,0.3715,0.0514,Rail,23.0,1.0,277916.94,A,60.0,2.0,1.0,3.0,3.0,23.0,239.23,798.0,12083.35,0,0,0.3154,1,0
1263,"Dougherty, Warren And Nelson",Germany,Europe,Apparel,0,8.45,0.83,0.826,14.6,6.19,0.424,0.0514,Road,23.0,1.0,1255425.33,B,30.0,2.0,3.0,2.333,3.0,6.667,317634.77,149.0,54583.71,0,0,0.2474,1,0
1332,Bennett-Wilson,China,Asia,Apparel,0,8.94,0.557,0.698,40.0,9.48,0.237,0.0504,Sea,101.0,1.0,841975.78,B,30.0,1.0,1.0,4.0,4.0,1.0,3550.59,834.0,8336.39,1,0,0.3389,1,0
1411,Contreras-Dominguez,China,Asia,Apparel,1,4.77,0.597,0.678,25.7,10.65,0.4144,0.0551,Rail,20.0,1.0,11928239.84,D,30.0,0.0,0.0,0.0,0.0,0.0,0.0,9999.0,596411.99,1,1,0.3821,1,0
1077,"Romero, Ellison And Anderson",Brazil,Americas,Food & Beverage,1,2.7,0.563,0.792,29.5,7.5,0.2542,0.0552,Road,39.0,4.45,1832761.27,A,45.0,3.0,0.0,0.0,0.0,0.0,0.0,9999.0,46993.88,0,0,0.3135,1,0
1398,Erickson Llc,Mexico,Americas,Toys & Games,1,9.17,0.648,0.826,24.6,5.41,0.2199,0.0502,Sea,9.0,1.625,808613.8049999999,Unknown,45.0,1.0,0.0,0.0,0.0,0.0,0.0,9999.0,89845.98,0,0,0.259,1,0
1383,Moore-Murillo,Mexico,Americas,Electronics,0,5.52,0.726,0.724,28.0,8.75,0.3125,0.0316,Rail,18.0,1.22,534352.01,A,60.0,1.0,1.0,1.0,1.0,14.0,0.0,270.0,29686.22,0,0,0.2862,0,0
1088,Ward Inc,Vietnam,Asia,Unknown,1,4.97,0.586,0.902,24.1,8.42,0.3494,0.0655,Sea,28.0,1.94,1608688.94,B,90.0,0.0,1.0,3.0,3.0,17.0,0.0,938.0,57453.18,1,1,0.2998,1,0
1183,Johnson Plc,Vietnam,Asia,Beauty & Personal Care,0,6.24,0.662,0.614,25.4,5.79,0.228,0.0591,Sea,18.0,1.0,1079717.52,Unknown,45.0,0.0,1.0,3.0,3.0,13.0,3375.03,151.0,59984.31,1,0,0.3194,1,0
1106,York-Smith,China,Asia,Toys & Games,0,7.18,0.592,0.681,28.0,6.47,0.2311,0.0597,Sea,41.0,1.0,2411149.85,B,60.0,0.0,1.0,2.0,2.0,28.0,902.81,420.0,58808.53,1,0,0.3282,1,0
1409,Meyer-Murray,China,Asia,Food & Beverage,0,5.61,0.634,0.723,23.8,7.6,0.3193,0.0582,Sea,13.0,3.3,9672856.21,C,60.0,1.0,2.0,3.0,3.0,12.0,30936.95,168.0,744065.86,1,0,0.3253,1,0
1050,Cross-Henry,Italy,Europe,Toys & Games,0,5.77,0.653,0.843,28.9,6.44,0.2228,0.0514,Air,10.0,1.625,808613.8049999999,Unknown,45.0,1.0,1.0,4.0,4.0,9.0,11524.66,21.0,80861.38,0,0,0.2527,1,0
1390,"Mcpherson, Coleman And Ruiz",India,Asia,Apparel,0,8.04,0.654,0.555,30.6,5.59,0.1827,0.069,Sea,15.0,1.0,2483821.34,B,45.0,1.0,0.0,0.0,0.0,0.0,0.0,9999.0,165588.09,1,0,0.3267,1,0
1006,Fitzgerald Llc,China,Asia,Electronics,1,5.82,0.659,0.641,33.3,8.6,0.2583,0.05,Sea,24.0,1.61,363701.32,D,30.0,1.0,4.0,2.25,3.0,7.25,12730.28,359.0,15154.22,1,1,0.3216,2,1
1018,Sanchez Llc,Bangladesh,Asia,Apparel,0,1.75,0.596,0.825,25.7,10.23,0.3981,0.0578,Road,62.0,1.625,808613.8049999999,Unknown,45.0,1.0,1.0,3.0,3.0,7.0,0.0,894.0,13042.16,1,0,0.3335,1,0
1235,"Ortiz, Morrison And Taylor",China,Asia,Toys & Games,0,8.18,0.712,0.721,28.8,7.98,0.2771,0.0577,Road,26.0,1.25,1410771.4,Unknown,45.0,0.0,1.0,3.0,3.0,7.0,0.0,721.0,54260.44,1,0,0.282,1,0
1413,Hernandez-Thomas,Turkey,Europe,Toys & Games,0,9.43,0.626,0.8,32.1,7.36,0.2293,0.0548,Road,20.0,8.98,16321535.89,Unknown,30.0,4.0,1.0,2.0,2.0,12.0,661.72,684.0,816076.79,0,0,0.2784,2,1
1407,Thompson Inc,China,Asia,Home Goods,0,6.3,0.675,0.959,32.8,7.57,0.2308,0.0728,Sea,46.0,1.625,808613.8049999999,Unknown,45.0,1.0,0.0,0.0,0.0,0.0,0.0,9999.0,17578.56,1,0,0.2115,1,0
1107,Frederick-Wilson,Vietnam,Asia,Beauty & Personal Care,1,3.95,0.766,0.8,37.4,6.59,0.1762,0.0526,Road,24.0,1.0,5182103.56,C,120.0,0.0,2.0,3.5,4.0,17.5,3834.21,426.0,215920.98,1,1,0.2065,0,0
1135,"Gomez, Bates And Parks",China,Asia,Toys & Games,1,5.31,0.792,0.847,28.4,6.22,0.219,0.0571,Sea,79.0,1.0,46661.46,B,45.0,0.0,0.0,0.0,0.0,0.0,0.0,9999.0,590.65,1,1,0.1948,0,0
1414,Wolfe-Kirby,India,Asia,Electronics,0,1.28,0.708,0.9,44.5,8.61,0.1935,0.0503,Sea,67.0,1.625,808613.8049999999,Unknown,45.0,1.0,3.0,2.333,3.0,20.667,3024.69,221.0,12068.86,1,0,0.2048,2,1
1227,Robinson-Salazar,India,Asia,Electronics,1,9.05,0.59,0.76,28.8,6.58,0.2285,0.0381,Sea,65.0,7.59,106937.26,A,45.0,5.0,0.0,0.0,0.0,0.0,0.0,9999.0,1645.19,1,1,0.3046,2,1
1215,Martin-Collins,China,Asia,Home Goods,1,1.98,0.788,0.845,31.2,6.69,0.2144,0.0659,Sea,165.0,4.02,1256282.45,B,60.0,7.0,0.0,0.0,0.0,0.0,0.0,9999.0,7613.83,1,1,0.1956,0,0
1191,Mccoy Llc,Mexico,Americas,Electronics,1,3.89,0.695,0.7515000000000001,28.8,7.495,0.25560000000000005,0.0514,Unknown,33.0,1.0,11288037.34,B,30.0,0.0,1.0,3.0,3.0,1.0,973.68,358.0,342061.74,0,0,0.2732,1,0
1453,Duncan-Ward,India,Asia,Home Goods,0,3.37,0.7,0.705,35.9,10.57,0.2944,0.0978,Rail,42.0,1.625,808613.8049999999,Unknown,45.0,1.0,2.0,2.0,3.0,28.0,274.45,143.0,19252.71,1,0,0.2968,2,1
1321,Hall-Ballard,Bangladesh,Asia,Toys & Games,1,5.57,0.553,0.643,31.7,7.17,0.2262,0.0722,Sea,20.0,1.0,303626.09,B,60.0,1.0,2.0,1.0,1.0,14.5,15531.09,567.0,15181.3,1,1,0.3538,1,0
1283,Walker Group,Indonesia,Asia,Apparel,1,9.01,0.695,0.674,28.4,7.02,0.2472,0.034,Sea,40.0,1.0,223334.76,A,30.0,1.0,0.0,0.0,0.0,0.0,0.0,9999.0,5583.37,1,1,0.294,1,0
1030,"Marquez, Weaver And Simon",Turkey,Europe,Electronics,0,9.89,0.616,0.763,28.1,2.92,0.1039,0.0212,Sea,47.0,1.0,4803280.0,D,90.0,0.0,1.0,1.0,1.0,18.0,0.0,295.0,102197.45,0,0,0.2559,1,0
1170,Branch-Stone,Indonesia,Asia,Electronics,0,7.12,0.858,0.614,19.0,8.68,0.4568,0.0485,Road,58.0,1.0,222647.66,C,30.0,1.0,1.0,1.0,1.0,3.0,415.19,755.0,3838.75,1,0,0.3096,1,0
1181,"Arnold, Morse And Ramirez",China,Asia,Food & Beverage,1,1.6,0.517,0.646,24.2,6.25,0.2583,0.0748,Sea,272.0,1.625,808613.8049999999,Unknown,45.0,1.0,0.0,0.0,0.0,0.0,0.0,9999.0,2972.84,1,1,0.3769,1,0
1101,"Johnson, Russell And Dunn",India,Asia,Food & Beverage,0,2.11,0.695,0.7515000000000001,28.8,7.495,0.25560000000000005,0.0514,Unknown,33.0,1.05,494381.96,B,30.0,2.0,1.0,1.0,1.0,5.0,43354.36,873.0,14981.27,1,0,0.2732,1,0
1198,Wilson Plc,China,Asia,Toys & Games,0,8.85,0.627,0.689,31.9,8.52,0.2671,0.059,Air,85.0,1.625,808613.8049999999,Unknown,45.0,1.0,1.0,1.0,1.0,2.0,7769.92,871.0,9513.1,1,0,0.3226,1,0
1210,Thompson Plc,China,Asia,Apparel,0,9.28,0.582,0.686,36.7,8.43,0.2297,0.0374,Sea,19.0,1.0,138802.07,A,30.0,2.0,0.0,0.0,0.0,0.0,0.0,9999.0,7305.37,1,0,0.3303,1,0
1136,Hopkins Llc,Poland,Europe,Apparel,1,3.92,0.687,0.768,12.5,2.37,0.1896,0.0585,Sea,27.0,1.35,2412115.93,A,30.0,2.0,0.0,0.0,0.0,0.0,0.0,9999.0,89337.63,0,0,0.2517,1,0
1484,Mcdowell Group,USA,Americas,Toys & Games,1,7.55,0.695,0.7515000000000001,28.8,7.495,0.25560000000000005,0.0514,Unknown,33.0,1.0,51684.51,C,30.0,0.0,0.0,0.0,0.0,0.0,0.0,9999.0,1566.2,0,0,0.2732,1,0
1441,Snyder Llc,Vietnam,Asia,Electronics,1,5.16,0.841,0.785,33.4,8.94,0.2677,0.0649,Sea,26.0,1.625,808613.8049999999,Unknown,45.0,1.0,0.0,0.0,0.0,0.0,0.0,9999.0,31100.53,1,1,0.2084,0,0
1199,Lee Plc,Turkey,Europe,Food & Beverage,1,9.95,0.676,0.643,25.7,7.49,0.2914,0.0401,Air,74.0,3.19,673642.63,C,90.0,1.0,2.0,1.5,2.0,16.0,216.48,419.0,9103.28,0,0,0.3241,1,0
1374,Weber Llc,China,Asia,Unknown,1,6.67,0.67,0.875,26.0,6.84,0.2631,0.0667,Air,43.0,1.45,79512.6,B,120.0,1.0,0.0,0.0,0.0,0.0,0.0,9999.0,1849.13,1,1,0.2484,1,0
1167,Smith-Landry,Mexico,Americas,Electronics,0,7.72,0.781,0.809,22.3,8.77,0.3933,0.039,Sea,44.0,3.66,6467350.49,B,45.0,0.0,1.0,1.0,1.0,27.0,0.0,50.0,146985.24,0,0,0.2629,0,0
1395,Chambers Plc,Vietnam,Asia,Apparel,0,2.26,0.595,0.725,31.6,8.44,0.2671,0.0623,Sea,47.0,1.1,331061.6,B,90.0,2.0,1.0,1.0,1.0,1.0,92768.92,834.0,7043.86,1,0,0.3246,1,0
1137,Perry And Sons,China,Asia,Toys & Games,1,5.87,0.695,0.7515000000000001,28.8,7.495,0.25560000000000005,0.0514,Unknown,33.0,1.0,468279.1,B,30.0,2.0,1.0,4.0,4.0,85.0,659.66,507.0,14190.28,1,1,0.2732,1,0
1286,"Campbell, Vargas And Boone",China,Asia,Beauty & Personal Care,0,6.71,0.705,0.79,27.8,5.79,0.2083,0.0434,Sea,24.0,5.67,982442.5,A,30.0,8.0,0.0,0.0,0.0,0.0,0.0,9999.0,40935.1,1,0,0.2435,2,1
1336,Larson-Baker,China,Asia,Food & Beverage,0,7.86,0.685,0.764,32.7,8.98,0.2746,0.0391,Rail,84.0,1.0,1632560.86,A,45.0,0.0,0.0,0.0,0.0,0.0,0.0,9999.0,19435.25,1,0,0.2792,1,0
1132,"Snow, Moody And Hester",China,Asia,Electronics,0,8.82,0.845,0.806,28.8,10.76,0.3736,0.0514,Air,48.0,1.0,107311.55,B,45.0,1.0,0.0,0.0,0.0,0.0,0.0,9999.0,2235.66,1,0,0.2323,0,0
1040,"Erickson, Montoya And Hall",China,Asia,Electronics,0,6.51,0.605,0.804,27.5,5.38,0.1956,0.0357,Road,11.0,6.75,266465.63,B,60.0,4.0,1.0,1.0,1.0,3.0,22392.41,479.0,24224.15,1,0,0.2755,2,1
1216,"Shepherd, Williams And Archer",China,Asia,Apparel,0,7.2,0.695,0.767,34.9,7.1,0.2034,0.0467,Road,28.0,1.625,808613.8049999999,Unknown,45.0,1.0,2.0,2.5,3.0,18.0,11697.21,522.0,28879.06,1,0,0.2529,1,0
1044,"Weber, Hines And Barnes",Mexico,Americas,Food & Beverage,1,1.11,0.538,0.752,22.1,4.39,0.1986,0.0497,Rail,69.0,1.0,1390340.09,A,60.0,1.0,0.0,0.0,0.0,0.0,0.0,9999.0,20149.86,0,0,0.3188,1,0
1055,"Robinson, Williams And Brown",China,Asia,Beauty & Personal Care,1,4.98,0.706,0.771,36.5,9.02,0.2471,0.0554,Sea,151.0,1.0,8016947.53,A,45.0,0.0,1.0,3.0,3.0,26.0,2884.04,951.0,53092.37,1,1,0.2604,1,0
1488,Morales Ltd,Mexico,Americas,Toys & Games,0,9.45,0.595,0.705,28.0,3.79,0.1354,0.0725,Sea,55.0,4.56,1192041.56,Unknown,120.0,5.0,1.0,3.0,3.0,4.0,15987.01,1094.0,21673.48,0,0,0.2911,1,0
1300,"Marquez, Banks And Sosa",Mexico,Americas,Home Goods,1,1.6,0.708,0.707,30.5,7.44,0.2439,0.0514,Sea,5.0,1.0,138311.0,A,30.0,0.0,0.0,0.0,0.0,0.0,0.0,9999.0,27662.2,0,0,0.2779,1,0
1468,Romero-Hopkins,Mexico,Americas,Beauty & Personal Care,1,5.89,0.831,0.895,29.8,4.84,0.1624,0.0768,Sea,25.0,1.48,518420.84,Unknown,45.0,0.0,1.0,3.0,3.0,1.0,58.72,163.0,20736.83,0,0,0.1478,0,0
1036,Ball Group,Mexico,Americas,Beauty & Personal Care,1,5.28,0.601,0.736,24.0,6.23,0.2596,0.0478,Air,31.0,1.625,808613.8049999999,Unknown,45.0,1.0,0.0,0.0,0.0,0.0,0.0,9999.0,26084.32,0,0,0.3167,1,0
1316,Carter Ltd,India,Asia,Food & Beverage,0,2.14,0.632,0.728,26.7,10.3,0.3858,0.0579,Sea,54.0,3.39,3275203.41,B,30.0,0.0,0.0,0.0,0.0,0.0,0.0,9999.0,60651.92,1,0,0.3445,1,0
1400,"Gonzalez, Martin And Daniels",USA,Americas,Electronics,0,2.15,0.928,0.768,19.9,4.04,0.203,0.0118,Sea,14.0,1.0,556260.13,A,90.0,0.0,1.0,3.0,3.0,1.0,421.2,402.0,39732.87,0,0,0.1593,0,0
1310,"Johnson, Knight And Parker",Mexico,Americas,Home Goods,1,3.67,0.683,0.754,30.1,6.96,0.2312,0.027,Sea,53.0,1.625,808613.8049999999,Unknown,45.0,1.0,3.0,2.333,3.0,4.667,5273.18,422.0,15256.86,0,0,0.27,2,1
1277,Patel Inc,China,Asia,Beauty & Personal Care,0,4.59,0.733,0.783,26.5,11.01,0.4155,0.038,Road,191.0,1.625,808613.8049999999,Unknown,45.0,1.0,1.0,1.0,1.0,20.0,240603.38,478.0,4233.58,1,0,0.2966,0,0
1125,Hansen-Coleman,China,Asia,Apparel,0,5.41,0.677,0.668,28.6,7.56,0.2643,0.0654,Sea,20.0,1.0,1486526.14,C,30.0,1.0,2.0,2.5,4.0,3.5,1639.76,366.0,74326.31,1,0,0.3081,1,0
1143,Mcfarland-Miller,Bangladesh,Asia,Electronics,1,7.56,0.742,0.744,28.8,12.15,0.4219,0.0441,Rail,73.0,1.625,808613.8049999999,Unknown,45.0,1.0,0.0,0.0,0.0,0.0,0.0,9999.0,11076.9,1,1,0.3066,0,0
1111,Allen-Cruz,Italy,Europe,Apparel,0,8.54,0.6,0.721,27.7,3.04,0.1097,0.0316,Sea,15.0,7.02,120356.77,B,90.0,8.0,0.0,0.0,0.0,0.0,0.0,9999.0,8023.78,0,0,0.2766,2,1
1324,Zimmerman-Woodward,Mexico,Americas,Food & Beverage,0,6.75,0.535,0.715,21.9,7.23,0.3301,0.0334,Air,106.0,3.17,538441.32,A,90.0,2.0,1.0,3.0,3.0,13.0,0.0,156.0,5079.64,0,0,0.3705,1,0
1333,"Buck, Wolf And Duran",Brazil,Americas,Apparel,1,6.5,0.695,0.6,26.2,7.04,0.2687,0.0514,Sea,27.0,1.53,2668218.82,A,30.0,0.0,0.0,0.0,0.0,0.0,0.0,9999.0,98822.92,0,0,0.3226,1,0
1394,Walker-Walker,India,Asia,Beauty & Personal Care,1,2.35,0.599,0.715,30.7,9.35,0.3046,0.0458,Rail,13.0,6.16,22513548.32,C,60.0,6.0,0.0,0.0,0.0,0.0,0.0,9999.0,1731811.41,1,1,0.3373,2,1
1474,"Villarreal, Scott And Hinton",Brazil,Americas,Beauty & Personal Care,0,8.54,0.802,0.748,23.6,6.67,0.2826,0.0388,Sea,29.0,2.46,1503563.05,Unknown,30.0,4.0,1.0,4.0,4.0,2.0,1177.7,410.0,51847.0,0,0,0.2396,0,0
1108,Haney-Mcintyre,Brazil,Americas,Beauty & Personal Care,1,1.77,0.63,0.714,18.6,6.1,0.328,0.0136,Air,60.0,1.0,5707670.1,A,30.0,0.0,0.0,0.0,0.0,0.0,0.0,9999.0,95127.84,0,0,0.3322,1,0
1456,Robinson Plc,Bangladesh,Asia,Beauty & Personal Care,0,7.62,0.581,0.749,41.0,8.22,0.2005,0.0514,Sea,15.0,1.0,800210.32,A,30.0,0.0,0.0,0.0,0.0,0.0,0.0,9999.0,53347.35,1,0,0.303,1,0
1013,Hicks-Cobb,Vietnam,Asia,Apparel,0,9.4,0.756,0.862,35.4,6.34,0.1791,0.0614,Air,52.0,3.8,2190288.29,B,30.0,1.0,0.0,0.0,0.0,0.0,0.0,9999.0,42120.93,1,0,0.1927,0,0
1273,Terry-Perry,China,Asia,Electronics,1,2.87,0.635,0.698,32.5,9.83,0.3025,0.0719,Sea,28.0,2.88,4910740.37,Unknown,60.0,2.0,0.0,0.0,0.0,0.0,0.0,9999.0,175383.58,1,1,0.3274,1,0
1048,Sampson Group,China,Asia,Beauty & Personal Care,1,2.16,0.66,0.745,39.5,8.68,0.2197,0.098,Road,8.0,1.86,1487809.58,A,90.0,1.0,2.0,2.5,4.0,18.0,4224.81,19.0,185976.2,1,1,0.2784,2,1
1204,Shaw And Sons,Germany,Europe,Toys & Games,0,7.05,0.995,0.903,13.4,3.23,0.241,0.048,Road,47.0,1.99,1402221.4,B,30.0,1.0,1.0,3.0,3.0,11.0,0.0,770.0,29834.5,0,0,0.1034,0,0
1478,Miller-Pierce,Brazil,Americas,Toys & Games,1,4.87,0.822,0.808,22.4,5.95,0.2656,0.0573,Air,58.0,1.625,808613.8049999999,Unknown,45.0,1.0,0.0,0.0,0.0,0.0,0.0,9999.0,13941.62,0,0,0.2085,0,0
1022,Hardy Llc,China,Asia,Home Goods,1,4.31,0.657,0.838,31.4,6.48,0.2064,0.0818,Road,14.0,3.16,3433943.08,Unknown,60.0,1.0,0.0,0.0,0.0,0.0,0.0,9999.0,245281.65,1,1,0.2477,2,1
1403,Mayo-Daniels,China,Asia,Beauty & Personal Care,0,8.37,0.695,0.7515000000000001,28.8,7.495,0.25560000000000005,0.0514,Unknown,33.0,2.62,2870788.2,B,60.0,3.0,2.0,1.0,1.0,5.5,21971.82,462.0,86993.58,1,0,0.2732,1,0
1084,Floyd Group,Vietnam,Asia,Apparel,1,6.61,0.822,0.789,38.9,4.49,0.1154,0.0481,Rail,58.0,2.93,2066579.23,B,30.0,1.0,0.0,0.0,0.0,0.0,0.0,9999.0,35630.68,1,1,0.1691,0,0
1131,Shields Group,India,Asia,Electronics,0,8.79,0.581,0.745,31.1,8.79,0.2826,0.0556,Air,17.0,1.74,829060.04,B,90.0,5.0,0.0,0.0,0.0,0.0,0.0,9999.0,48768.24,1,0,0.3289,1,0
1457,Smith Llc,India,Asia,Toys & Games,0,8.52,0.765,0.741,36.3,6.87,0.1893,0.0938,Air,16.0,1.29,1730833.37,A,60.0,0.0,1.0,3.0,3.0,1.0,0.0,367.0,108177.09,1,0,0.2285,1,0
1494,Garcia-Becker,Mexico,Americas,Home Goods,1,8.03,0.538,0.882,26.2,5.75,0.2195,0.0318,Road,63.0,1.31,801741.9,B,90.0,1.0,1.0,4.0,4.0,7.0,0.0,566.0,12726.06,0,0,0.286,1,0
1330,Carter Plc,Italy,Europe,Beauty & Personal Care,1,4.58,0.753,0.854,17.4,5.76,0.331,0.0375,Air,41.0,1.625,808613.8049999999,Unknown,45.0,1.0,3.0,3.333,4.0,13.333,59767.29,255.0,19722.29,0,0,0.2419,1,0
1230,Anderson-Howard,Bangladesh,Asia,Toys & Games,0,4.92,0.656,0.603,29.0,9.24,0.3186,0.0514,Sea,32.0,3.32,1724878.87,D,30.0,4.0,2.0,2.5,3.0,7.5,27908.98,455.0,53902.46,1,0,0.3523,1,0
1287,Powers Group,India,Asia,Home Goods,1,3.56,0.758,0.707,23.3,6.5,0.279,0.0719,Sea,44.0,5.16,142168.95,A,60.0,1.0,0.0,0.0,0.0,0.0,0.0,9999.0,3231.11,1,1,0.2684,0,0
1124,"Cochran, Perry And Castillo",Poland,Europe,Apparel,1,2.51,0.678,0.901,22.7,5.98,0.2634,0.0419,Sea,63.0,1.18,1006634.69,Unknown,90.0,0.0,3.0,1.667,3.0,13.667,10135.55,6.0,15978.33,0,0,0.2375,2,1
1034,Spears-Cross,Turkey,Europe,Home Goods,0,4.41,0.778,0.711,20.5,5.55,0.2707,0.0764,Sea,27.0,1.625,808613.8049999999,Unknown,45.0,1.0,1.0,1.0,1.0,3.0,0.0,951.0,29948.66,0,0,0.2567,0,0
1005,Norman-Brady,Bangladesh,Asia,Food & Beverage,0,2.31,0.695,0.7515000000000001,28.8,7.495,0.25560000000000005,0.0514,Unknown,33.0,1.0,628359.5,B,45.0,2.0,0.0,0.0,0.0,0.0,0.0,9999.0,19041.2,1,0,0.2732,1,0
1412,Robbins-Acosta,Vietnam,Asia,Food & Beverage,1,5.64,0.577,0.727,25.8,8.95,0.3469,0.0292,Road,42.0,1.0,750679.12,C,60.0,0.0,1.0,1.0,1.0,5.0,0.0,874.0,17873.31,1,1,0.3552,1,0
1020,Mitchell Plc,India,Asia,Beauty & Personal Care,0,9.69,0.79,0.711,24.8,5.31,0.2141,0.0235,Road,13.0,2.17,1434940.87,B,30.0,0.0,1.0,3.0,3.0,6.0,0.0,213.0,110380.07,1,0,0.2349,0,0
1220,Graves Inc,Germany,Europe,Toys & Games,1,6.11,0.971,0.943,18.6,1.96,0.1054,0.0311,Road,42.0,1.0,1703917.09,B,60.0,1.0,2.0,3.0,3.0,10.0,2764.86,331.0,40569.45,0,0,0.0603,0,0
1380,"Woodard, Walters And Johnson",China,Asia,Beauty & Personal Care,0,5.16,0.668,0.778,33.4,8.65,0.259,0.0471,Sea,149.0,2.35,332562.18,B,60.0,0.0,0.0,0.0,0.0,0.0,0.0,9999.0,2231.96,1,0,0.2771,1,0
1420,Kramer-Orozco,Bangladesh,Asia,Electronics,1,3.5,0.795,0.778,30.3,7.9,0.2607,0.0572,Sea,44.0,1.0,386923.79,D,45.0,1.0,2.0,1.5,2.0,18.0,19125.47,241.0,8793.72,1,1,0.2268,0,0
1357,"Thomas, Lewis And Roberts",Mexico,Americas,Beauty & Personal Care,1,4.32,0.699,0.966,23.0,9.88,0.4296,0.0722,Sea,52.0,1.0,120752.56,D,30.0,0.0,1.0,3.0,3.0,10.0,6642.95,433.0,2322.16,0,0,0.2595,1,0
1150,Clark-Greene,India,Asia,Electronics,0,3.97,0.866,0.722,27.3,7.36,0.2696,0.0485,Sea,9.0,1.0,860458.42,A,30.0,0.0,2.0,3.0,3.0,3.5,575.75,528.0,95606.49,1,0,0.2179,0,0
1225,"Stewart, Coleman And Barr",Vietnam,Asia,Food & Beverage,1,5.55,0.695,0.7515000000000001,28.8,7.495,0.25560000000000005,0.0514,Unknown,33.0,1.0,578796.81,A,45.0,1.0,1.0,2.0,2.0,14.0,0.0,633.0,17539.3,1,1,0.2732,1,0
1248,Smith Inc,Vietnam,Asia,Toys & Games,1,4.56,0.798,0.757,26.3,10.9,0.4144,0.0577,Sea,34.0,1.625,808613.8049999999,Unknown,45.0,1.0,2.0,2.5,3.0,1.5,4951.95,292.0,23782.76,1,1,0.278,0,0
1454,"Ruiz, Fletcher And Beck",Germany,Europe,Food & Beverage,0,5.94,0.927,0.836,26.2,1.23,0.0469,0.033,Sea,35.0,1.21,241225.61,B,45.0,1.0,1.0,4.0,4.0,2.0,1099.95,419.0,6892.16,0,0,0.0925,0,0
1152,"Hampton, Daniels And Fry",China,Asia,Toys & Games,0,7.39,0.616,0.696,35.9,10.04,0.2797,0.0403,Sea,18.0,1.625,808613.8049999999,Unknown,45.0,1.0,1.0,3.0,3.0,32.0,3093.93,230.0,44922.99,1,0,0.3287,1,0
1493,Golden-Hall,USA,Americas,Beauty & Personal Care,0,1.52,0.708,0.812,24.6,3.15,0.128,0.0348,Sea,20.0,1.625,808613.8049999999,Unknown,45.0,1.0,2.0,3.5,4.0,8.0,1373.45,169.0,40430.69,0,0,0.2116,1,0
1318,Le-Ramirez,China,Asia,Beauty & Personal Care,1,3.72,0.742,0.69,16.5,7.45,0.4515,0.0434,Road,12.0,3.48,102678.27,B,45.0,1.0,0.0,0.0,0.0,0.0,0.0,9999.0,8556.52,1,1,0.3316,1,0
1292,Taylor Plc,China,Asia,Apparel,1,5.97,0.633,0.698,17.5,8.09,0.4623,0.0555,Sea,145.0,1.0,3251326.5,A,30.0,0.0,0.0,0.0,0.0,0.0,0.0,9999.0,22422.94,1,1,0.3761,2,1
1234,"Quinn, Wright And Tapia",Italy,Europe,Food & Beverage,0,3.73,0.729,0.823,22.8,4.15,0.182,0.0265,Sea,9.0,1.32,929979.31,C,45.0,2.0,5.0,2.2,3.0,14.8,14725.4,118.0,103331.03,0,0,0.2161,1,0
1011,Clay-Jones,China,Asia,Beauty & Personal Care,1,2.4,0.695,0.7515000000000001,28.8,7.495,0.25560000000000005,0.0514,Unknown,33.0,1.0,597999.71,A,90.0,0.0,0.0,0.0,0.0,0.0,0.0,9999.0,18121.2,1,1,0.2732,1,0
1280,Ferguson-Ward,Italy,Europe,Beauty & Personal Care,0,1.34,0.674,0.873,20.3,4.77,0.235,0.0255,Sea,25.0,9.21,130979.63,A,45.0,8.0,1.0,3.0,3.0,1.0,200.87,554.0,5239.19,0,0,0.239,2,1
1072,Wright Ltd,Mexico,Americas,Apparel,1,5.61,0.657,0.722,28.2,3.7,0.1312,0.0259,Air,27.0,1.625,808613.8049999999,Unknown,45.0,1.0,3.0,2.0,4.0,29.0,1724.01,592.0,29948.66,0,0,0.26,2,1
1253,"Montgomery, Gallegos And Gonzalez",Brazil,Americas,Electronics,1,2.9,0.739,0.765,30.1,7.44,0.2472,0.0692,Sea,19.0,3.73,193037.36,C,60.0,0.0,1.0,3.0,3.0,29.0,1382.33,560.0,10159.86,0,0,0.2491,0,0
1093,Gonzalez-Velasquez,Poland,Europe,Unknown,0,9.35,0.856,0.885,27.2,3.11,0.1143,0.0625,Air,42.0,2.32,1537806.71,A,60.0,1.0,1.0,4.0,4.0,14.0,0.0,56.0,36614.45,0,0,0.1264,0,0
1492,"Kelly, Yang And Soto",Bangladesh,Asia,Apparel,1,7.43,0.633,0.797,36.9,5.74,0.1556,0.068,Air,26.0,2.28,72005.23,C,30.0,0.0,0.0,0.0,0.0,0.0,0.0,9999.0,2769.43,1,1,0.2544,1,0
1350,"Soto, Hickman And Wilkins",Mexico,Americas,Apparel,0,2.61,0.695,0.7515000000000001,28.8,7.495,0.25560000000000005,0.0514,Unknown,33.0,1.09,2202498.89,B,60.0,2.0,0.0,0.0,0.0,0.0,0.0,9999.0,66742.39,0,0,0.2732,1,0
1416,Cobb-Levine,Mexico,Americas,Toys & Games,1,7.06,0.695,0.7515000000000001,28.8,7.495,0.25560000000000005,0.0514,Unknown,33.0,1.0,430148.09,B,30.0,0.0,0.0,0.0,0.0,0.0,0.0,9999.0,13034.79,0,0,0.2732,1,0
1375,"Berg, Ryan And Wade",USA,Americas,Electronics,0,7.94,0.663,0.799,22.6,5.63,0.2491,0.0427,Road,9.0,1.0,1507310.28,B,45.0,1.0,0.0,0.0,0.0,0.0,0.0,9999.0,167478.92,0,0,0.2698,1,0
1401,"Wilson, Gonzalez And Smith",Indonesia,Asia,Food & Beverage,1,1.88,0.745,0.76,36.4,9.15,0.2514,0.0539,Sea,28.0,6.82,371307.08,B,60.0,5.0,2.0,2.5,4.0,8.0,15753.72,132.0,13260.97,1,1,0.2494,1,0
1193,Silva-Rhodes,Vietnam,Asia,Beauty & Personal Care,1,5.93,0.69,0.718,27.1,6.71,0.2476,0.0555,Sea,18.0,1.0,469634.67,B,30.0,0.0,1.0,4.0,4.0,2.0,0.0,1061.0,26090.82,1,1,0.2829,1,0
1258,Gray-Weaver,USA,Americas,Home Goods,1,4.6,0.933,0.696,19.8,4.86,0.2455,0.0536,Sea,83.0,1.0,930506.38,B,120.0,1.0,2.0,1.5,2.0,2.0,1179.62,788.0,11210.92,0,0,0.1916,0,0
1495,"Torres, Taylor And Ford",China,Asia,Beauty & Personal Care,1,9.94,0.644,0.786,28.8,4.99,0.1733,0.0852,Road,11.0,10.0,226189.22,A,60.0,9.0,0.0,0.0,0.0,0.0,0.0,9999.0,20562.66,1,1,0.2586,3,1
1340,Sanford-Mitchell,China,Asia,Food & Beverage,1,1.46,0.669,0.773,38.9,5.72,0.147,0.091,Air,29.0,1.08,97055.09,D,60.0,0.0,1.0,1.0,1.0,12.0,0.0,929.0,3346.73,1,1,0.2446,2,1
1068,"Joseph, Santiago And Dean",China,Asia,Electronics,0,7.85,0.752,0.601,18.2,10.07,0.5533,0.0385,Road,12.0,7.61,3438533.79,A,30.0,9.0,1.0,1.0,1.0,1.0,0.0,1078.0,286544.48,1,0,0.3849,2,1
1196,"Heath, Taylor And Richardson",India,Asia,Apparel,0,7.76,0.713,0.801,35.1,7.2,0.2051,0.0514,Road,17.0,2.3,1417098.3,B,30.0,2.0,2.0,2.5,4.0,8.0,0.0,454.0,83358.72,1,0,0.236,1,0
1344,"Patel, Castillo And Marshall",India,Asia,Toys & Games,0,8.97,0.701,0.955,30.7,5.39,0.1756,0.0516,Sea,31.0,2.08,3749013.18,A,60.0,4.0,1.0,1.0,1.0,1.0,15457.2,267.0,120935.91,1,0,0.1858,1,0
1138,Boyd-Stevenson,Mexico,Americas,Home Goods,0,4.62,0.803,0.889,33.6,9.88,0.294,0.0581,Sea,9.0,1.0,4660209.09,A,30.0,0.0,0.0,0.0,0.0,0.0,0.0,9999.0,517801.01,0,0,0.2003,0,0
1261,James Llc,China,Asia,Toys & Games,1,3.93,0.799,0.712,31.1,9.62,0.3093,0.0625,Road,41.0,2.61,463114.16,C,30.0,3.0,0.0,0.0,0.0,0.0,0.0,9999.0,11295.47,1,1,0.2596,0,0
1039,Ballard-Ward,Germany,Europe,Toys & Games,0,5.92,0.695,0.7515000000000001,28.8,7.495,0.25560000000000005,0.0514,Unknown,33.0,6.05,1397486.67,A,90.0,5.0,2.0,2.0,2.0,2.5,7549.95,874.0,42348.08,0,0,0.2732,2,1
1463,"Lewis, Johnson And Foster",China,Asia,Electronics,1,6.23,0.72,0.791,28.0,8.45,0.3018,0.0883,Sea,14.0,1.0,6356303.1,C,45.0,1.0,2.0,3.0,3.0,18.5,6633.65,75.0,454021.65,1,1,0.2652,1,0
1202,"Thompson, Davis And Clark",India,Asia,Toys & Games,1,4.63,0.596,0.687,27.5,4.71,0.1713,0.0407,Road,66.0,1.37,553295.66,D,90.0,0.0,0.0,0.0,0.0,0.0,0.0,9999.0,8383.27,1,1,0.3069,1,0
1481,Kennedy-Ross,Italy,Europe,Toys & Games,1,1.7,0.768,0.78,30.5,0.5,0.0164,0.0514,Sea,6.0,1.625,808613.8049999999,Unknown,45.0,1.0,2.0,1.0,1.0,5.0,16119.88,155.0,134768.97,0,0,0.1637,0,0
1291,Ray-House,USA,Americas,Home Goods,0,7.02,0.886,0.736,23.2,6.55,0.2823,0.0395,Sea,73.0,1.99,26582761.47,B,90.0,2.0,1.0,2.0,2.0,11.0,324.35,796.0,364147.42,0,0,0.2095,0,0
1449,"King, Kirk And Martinez",India,Asia,Home Goods,0,9.58,0.604,0.676,35.2,5.99,0.1702,0.0623,Sea,21.0,1.625,808613.8049999999,Unknown,45.0,1.0,0.0,0.0,0.0,0.0,0.0,9999.0,38505.42,1,0,0.3067,1,0
1190,Jones Plc,China,Asia,Beauty & Personal Care,1,3.29,0.715,0.745,46.4,10.44,0.225,0.0571,Sea,9.0,10.0,852118.04,B,45.0,6.0,4.0,1.25,2.0,8.5,9784.95,24.0,94679.78,1,1,0.258,3,1
1252,Allen-Walters,Brazil,Americas,Beauty & Personal Care,1,1.24,0.695,0.795,26.5,8.39,0.3166,0.045,Sea,44.0,1.79,589107.66,D,60.0,1.0,1.0,3.0,3.0,1.0,248.5,374.0,13388.81,0,0,0.2785,1,0
1113,Houston Plc,Mexico,Americas,Electronics,1,2.69,0.858,0.766,28.8,3.84,0.1333,0.0214,Road,45.0,1.625,808613.8049999999,Unknown,45.0,1.0,0.0,0.0,0.0,0.0,0.0,9999.0,17969.2,0,0,0.167,0,0
1438,"Maynard, Collins And Wood",Mexico,Americas,Beauty & Personal Care,0,9.22,0.695,0.764,26.3,8.53,0.3243,0.0802,Sea,11.0,2.61,747991.8,C,60.0,2.0,1.0,3.0,3.0,24.0,0.0,664.0,67999.25,0,0,0.2901,2,1
1184,"Bradshaw, Caldwell And Robertson",Vietnam,Asia,Beauty & Personal Care,0,9.09,0.876,0.87,28.8,9.74,0.3382,0.0657,Road,15.0,1.35,1198725.73,D,60.0,2.0,1.0,1.0,1.0,36.0,3150.05,211.0,79915.05,1,0,0.1901,0,0
1153,"Medina, Montes And Carter",Vietnam,Asia,Apparel,1,9.97,0.62,0.723,31.7,6.83,0.2155,0.0459,Air,13.0,7.98,1001244.61,A,30.0,5.0,2.0,2.5,3.0,8.0,791.21,49.0,77018.82,1,1,0.2998,2,1
1313,Williams Group,Vietnam,Asia,Electronics,0,6.98,0.695,0.7515000000000001,28.8,7.495,0.25560000000000005,0.0514,Unknown,33.0,1.12,400709.69,A,60.0,2.0,2.0,2.0,3.0,10.0,83071.06,124.0,12142.72,1,0,0.2732,1,0
1326,Williamson-Brown,India,Asia,Apparel,1,3.4,0.606,0.636,26.7,7.76,0.2906,0.0619,Sea,23.0,1.98,547525.56,A,30.0,1.0,2.0,2.5,3.0,8.5,6529.69,316.0,23805.46,1,1,0.354,1,0
1192,"Sherman, Watson And Moore",Brazil,Americas,Electronics,1,5.51,0.557,0.7,32.3,8.91,0.2759,0.0577,Road,50.0,1.49,6517188.76,B,30.0,1.0,0.0,0.0,0.0,0.0,0.0,9999.0,130343.78,0,0,0.35,1,0
1045,Hudson-Webster,Germany,Europe,Home Goods,0,2.71,0.902,0.742,18.7,5.12,0.2738,0.0408,Sea,20.0,1.625,808613.8049999999,Unknown,45.0,1.0,1.0,2.0,2.0,7.0,0.0,569.0,40430.69,0,0,0.1987,0,0
1445,Miranda-Mendez,India,Asia,Beauty & Personal Care,1,2.41,0.772,0.643,32.7,7.43,0.2272,0.0387,Air,57.0,6.53,316738.93,B,60.0,5.0,1.0,1.0,1.0,10.0,1782.8,211.0,5556.82,1,1,0.2665,1,0
1276,"Murphy, Miller And Fuentes",Mexico,Americas,Home Goods,1,9.41,0.679,0.697,35.7,4.89,0.137,0.0387,Sea,12.0,1.625,808613.8049999999,Unknown,45.0,1.0,1.0,4.0,4.0,10.0,0.0,83.0,67384.48,0,0,0.2604,1,0
1007,Mcgee Inc,Mexico,Americas,Home Goods,0,4.21,0.718,0.866,28.6,5.39,0.1885,0.0538,Air,18.0,1.0,156690.37,A,30.0,2.0,0.0,0.0,0.0,0.0,0.0,9999.0,8705.02,0,0,0.2096,1,0
1251,Thompson And Sons,Indonesia,Asia,Beauty & Personal Care,1,3.29,0.816,0.81,31.4,11.32,0.3605,0.0616,Air,31.0,1.0,145442.99,B,30.0,0.0,1.0,1.0,1.0,8.0,0.0,943.0,4691.71,1,1,0.2388,0,0
1312,Robinson-Brooks,Vietnam,Asia,Electronics,0,9.56,0.605,0.682,36.9,3.53,0.0957,0.1031,Sea,39.0,5.99,1968548.51,B,60.0,4.0,1.0,1.0,1.0,21.0,0.0,814.0,50475.6,1,0,0.2821,3,1
1076,Cunningham-Gardner,USA,Americas,Home Goods,0,5.08,0.843,0.814,25.7,4.44,0.1728,0.0332,Sea,68.0,3.46,4085937.43,A,30.0,3.0,0.0,0.0,0.0,0.0,0.0,9999.0,60087.32,0,0,0.1704,0,0
1001,Hill Ltd,Mexico,Americas,Apparel,0,3.35,0.749,0.689,24.8,8.04,0.3242,0.0414,Air,24.0,1.625,808613.8049999999,Unknown,45.0,1.0,0.0,0.0,0.0,0.0,0.0,9999.0,33692.24,0,0,0.291,0,0
1429,"White, Patterson And Cooper",Vietnam,Asia,Beauty & Personal Care,0,9.16,0.695,0.712,35.9,8.19,0.2281,0.0514,Road,13.0,1.625,808613.8049999999,Unknown,45.0,1.0,2.0,2.5,4.0,9.5,2690.09,302.0,62201.06,1,0,0.2768,1,0
1392,Combs-Acevedo,China,Asia,Electronics,1,2.05,0.65,0.599,29.2,9.98,0.3418,0.0676,Sea,34.0,1.3,1546294.65,C,90.0,2.0,0.0,0.0,0.0,0.0,0.0,9999.0,45479.25,1,1,0.3628,1,0
1384,"Reed, Gray And Thomas",Poland,Europe,Food & Beverage,1,4.68,0.695,0.7515000000000001,28.8,7.495,0.25560000000000005,0.0514,Unknown,33.0,3.55,286403.72,A,30.0,3.0,2.0,3.0,3.0,13.0,3689.43,38.0,8678.9,0,0,0.2732,1,0
1433,Bauer Plc,India,Asia,Apparel,1,1.46,0.804,0.751,40.6,8.19,0.2017,0.0514,Sea,36.0,1.625,808613.8049999999,Unknown,45.0,1.0,0.0,0.0,0.0,0.0,0.0,9999.0,22461.49,1,1,0.2136,0,0
1069,"Wade, Marshall And Pham",China,Asia,Unknown,1,8.31,0.634,0.681,31.4,12.83,0.4086,0.031,Air,9.0,5.18,322704.56,A,45.0,5.0,1.0,2.0,2.0,13.0,3919.84,849.0,35856.06,1,1,0.3647,1,0
1487,Cantu And Sons,Bangladesh,Asia,Electronics,0,7.89,0.846,0.792,33.2,10.69,0.322,0.0642,Sea,24.0,3.73,3458489.29,A,60.0,1.0,1.0,4.0,4.0,8.0,183.79,924.0,144103.72,1,0,0.2206,0,0
1168,Hunter-Gonzalez,Italy,Europe,Home Goods,0,2.42,0.624,0.785,27.6,4.74,0.1717,0.0577,Sea,32.0,1.625,808613.8049999999,Unknown,45.0,1.0,2.0,3.0,3.0,23.0,1645.31,918.0,25269.18,0,0,0.2664,1,0
1393,Gonzalez Llc,India,Asia,Apparel,0,9.45,0.611,0.712,44.2,5.19,0.1174,0.0628,Sea,78.0,5.29,293800.49,D,30.0,3.0,0.0,0.0,0.0,0.0,0.0,9999.0,3766.67,1,0,0.2772,1,0
1219,"Bauer, Campbell And Quinn",India,Asia,Electronics,0,9.52,0.412,0.794,25.7,3.74,0.1455,0.0514,Road,29.0,1.625,808613.8049999999,Unknown,45.0,1.0,0.0,0.0,0.0,0.0,0.0,9999.0,27883.23,1,0,0.3406,1,0
1043,Bell-Petersen,China,Asia,Food & Beverage,0,8.38,0.578,0.681,26.2,8.45,0.3225,0.0834,Sea,27.0,1.625,808613.8049999999,Unknown,45.0,1.0,1.0,4.0,4.0,34.0,0.0,983.0,29948.66,1,0,0.3612,2,1
1367,"Jones, Andrews And Hopkins",India,Asia,Beauty & Personal Care,0,9.13,0.695,0.7515000000000001,28.8,7.495,0.25560000000000005,0.0514,Unknown,33.0,2.01,539287.53,A,60.0,2.0,0.0,0.0,0.0,0.0,0.0,9999.0,16342.05,1,0,0.2732,1,0
1346,Thomas Group,USA,Americas,Unknown,1,3.4,0.645,0.926,21.6,6.83,0.3162,0.0371,Sea,52.0,4.56,468467.35,C,60.0,2.0,1.0,3.0,3.0,5.0,5878.96,688.0,9008.99,0,0,0.2591,1,0
1073,George Ltd,Vietnam,Asia,Beauty & Personal Care,1,4.9,0.645,0.72,31.6,7.97,0.2522,0.0227,Air,16.0,1.0,126441.97,C,60.0,3.0,0.0,0.0,0.0,0.0,0.0,9999.0,7902.62,1,1,0.3017,1,0
1024,Gonzales And Sons,China,Asia,Beauty & Personal Care,0,3.72,0.683,0.747,28.9,7.22,0.2498,0.0525,Sea,23.0,9.38,1509985.51,B,60.0,10.0,0.0,0.0,0.0,0.0,0.0,9999.0,65651.54,1,0,0.2776,2,1
1399,"Williams, Forbes And Soto",China,Asia,Home Goods,0,4.33,0.705,0.74,35.9,11.53,0.3212,0.0742,Air,11.0,1.0,18447897.03,B,30.0,1.0,1.0,4.0,4.0,26.0,1458.51,476.0,1677081.55,1,0,0.2924,1,0
1186,"Parker, Webb And Green",Germany,Europe,Electronics,0,4.42,0.734,0.904,24.4,7.89,0.3234,0.0514,Air,53.0,1.0,530956.18,B,45.0,2.0,1.0,2.0,2.0,11.0,0.0,930.0,10018.04,0,0,0.2322,0,0
1349,Stevens Plc,Bangladesh,Asia,Apparel,0,4.32,0.641,0.581,37.8,7.13,0.1886,0.0498,Air,83.0,3.29,1746645.48,D,30.0,2.0,1.0,3.0,3.0,5.0,1871.35,256.0,21043.92,1,0,0.3259,1,0
1104,"Ross, Bowers And Mann",India,Asia,Electronics,0,2.12,0.667,0.738,24.3,6.51,0.2679,0.0397,Sea,130.0,5.96,1379323.22,C,30.0,5.0,1.0,1.0,1.0,19.0,6615.92,1065.0,10610.18,1,0,0.2922,2,1
1408,Murphy Plc,Indonesia,Asia,Food & Beverage,0,6.4,0.667,0.872,38.3,6.89,0.1799,0.047,Sea,14.0,1.625,808613.8049999999,Unknown,45.0,1.0,1.0,3.0,3.0,23.0,0.0,78.0,57758.13,1,0,0.2256,1,0
1212,Williamson Ltd,Vietnam,Asia,Home Goods,1,4.03,0.734,0.704,33.0,6.71,0.2033,0.0536,Road,14.0,1.625,808613.8049999999,Unknown,45.0,1.0,1.0,1.0,1.0,3.0,341.95,942.0,57758.13,1,1,0.2562,0,0
1197,"Nelson, House And Orozco",China,Asia,Electronics,1,4.73,0.695,0.7515000000000001,28.8,7.495,0.25560000000000005,0.0514,Unknown,33.0,2.14,637646.55,A,30.0,2.0,1.0,2.0,2.0,1.0,2300.9,314.0,19322.62,1,1,0.2732,1,0
1176,Stanton Plc,USA,Americas,Home Goods,0,1.03,0.66,0.638,23.9,9.59,0.4013,0.0319,Sea,35.0,2.94,256158.78,C,60.0,2.0,1.0,3.0,3.0,14.0,0.0,564.0,7318.82,0,0,0.365,1,0
